DebateId1,DebateId2,positionA,positionB,testedPosition,candidate1Model,candidate2Model,candidateStarting,Judge 1 (gemma-4-31b-it) winner,Judge 1 (gemma-4-31b-it) confidence,Judge 2 (qwen3-30b-a3b-instruct-2507) winner,Judge 2 (qwen3-30b-a3b-instruct-2507) confidence,Judge 3 (glm-4.7) winner,Judge 3 (glm-4.7) confidence
1,3,"Policies should prioritize lab-grown meat because it eliminates agricultural methane emissions, uses a fraction of the land and water, and completely bypasses animal slaughter.","Policies should prioritize regenerative livestock farming because grazing animals actively rebuild topsoil ecosystems, sequester carbon naturally, and sustain rural economies that technology cannot replace.",A,apertus-70b-instruct-2509,meta-llama-3.1-8b-instruct,yes,apertus-70b-instruct-2509,1.00,apertus-70b-instruct-2509,0.95,apertus-70b-instruct-2509,0.70
1,3,"Policies should prioritize lab-grown meat because it eliminates agricultural methane emissions, uses a fraction of the land and water, and completely bypasses animal slaughter.","Policies should prioritize regenerative livestock farming because grazing animals actively rebuild topsoil ecosystems, sequester carbon naturally, and sustain rural economies that technology cannot replace.",B,meta-llama-3.1-8b-instruct,apertus-70b-instruct-2509,no,apertus-70b-instruct-2509,0.80,apertus-70b-instruct-2509,0.00,apertus-70b-instruct-2509,0.70
2,4,"Policies should prioritize lab-grown meat because it eliminates agricultural methane emissions, uses a fraction of the land and water, and completely bypasses animal slaughter.","Policies should prioritize regenerative livestock farming because grazing animals actively rebuild topsoil ecosystems, sequester carbon naturally, and sustain rural economies that technology cannot replace.",A,apertus-70b-instruct-2509,meta-llama-3.1-8b-instruct,no,apertus-70b-instruct-2509,1.00,apertus-70b-instruct-2509,0.95,apertus-70b-instruct-2509,0.75
2,4,"Policies should prioritize lab-grown meat because it eliminates agricultural methane emissions, uses a fraction of the land and water, and completely bypasses animal slaughter.","Policies should prioritize regenerative livestock farming because grazing animals actively rebuild topsoil ecosystems, sequester carbon naturally, and sustain rural economies that technology cannot replace.",B,meta-llama-3.1-8b-instruct,apertus-70b-instruct-2509,yes,apertus-70b-instruct-2509,1.00,apertus-70b-instruct-2509,0.95,apertus-70b-instruct-2509,0.75
3,1,"Policies should prioritize lab-grown meat because it eliminates agricultural methane emissions, uses a fraction of the land and water, and completely bypasses animal slaughter.","Policies should prioritize regenerative livestock farming because grazing animals actively rebuild topsoil ecosystems, sequester carbon naturally, and sustain rural economies that technology cannot replace.",A,meta-llama-3.1-8b-instruct,apertus-70b-instruct-2509,yes,apertus-70b-instruct-2509,1.00,meta-llama-3.1-8b-instruct,0.95,apertus-70b-instruct-2509,0.70
3,1,"Policies should prioritize lab-grown meat because it eliminates agricultural methane emissions, uses a fraction of the land and water, and completely bypasses animal slaughter.","Policies should prioritize regenerative livestock farming because grazing animals actively rebuild topsoil ecosystems, sequester carbon naturally, and sustain rural economies that technology cannot replace.",B,apertus-70b-instruct-2509,meta-llama-3.1-8b-instruct,no,apertus-70b-instruct-2509,1.00,meta-llama-3.1-8b-instruct,0.95,apertus-70b-instruct-2509,0.75
4,2,"Policies should prioritize lab-grown meat because it eliminates agricultural methane emissions, uses a fraction of the land and water, and completely bypasses animal slaughter.","Policies should prioritize regenerative livestock farming because grazing animals actively rebuild topsoil ecosystems, sequester carbon naturally, and sustain rural economies that technology cannot replace.",A,meta-llama-3.1-8b-instruct,apertus-70b-instruct-2509,no,apertus-70b-instruct-2509,1.00,apertus-70b-instruct-2509,0.95,apertus-70b-instruct-2509,0.70
4,2,"Policies should prioritize lab-grown meat because it eliminates agricultural methane emissions, uses a fraction of the land and water, and completely bypasses animal slaughter.","Policies should prioritize regenerative livestock farming because grazing animals actively rebuild topsoil ecosystems, sequester carbon naturally, and sustain rural economies that technology cannot replace.",B,apertus-70b-instruct-2509,meta-llama-3.1-8b-instruct,yes,apertus-70b-instruct-2509,1.00,meta-llama-3.1-8b-instruct,0.95,apertus-70b-instruct-2509,0.80
5,7,"Policies should prioritize lab-grown meat because it eliminates agricultural methane emissions, uses a fraction of the land and water, and completely bypasses animal slaughter.","Policies should prioritize regenerative livestock farming because grazing animals actively rebuild topsoil ecosystems, sequester carbon naturally, and sustain rural economies that technology cannot replace.",A,apertus-70b-instruct-2509,qwen3-30b-a3b-instruct-2507,yes,qwen3-30b-a3b-instruct-2507,1.00,apertus-70b-instruct-2509,0.95,qwen3-30b-a3b-instruct-2507,0.70
5,7,"Policies should prioritize lab-grown meat because it eliminates agricultural methane emissions, uses a fraction of the land and water, and completely bypasses animal slaughter.","Policies should prioritize regenerative livestock farming because grazing animals actively rebuild topsoil ecosystems, sequester carbon naturally, and sustain rural economies that technology cannot replace.",B,qwen3-30b-a3b-instruct-2507,apertus-70b-instruct-2509,no,qwen3-30b-a3b-instruct-2507,1.00,apertus-70b-instruct-2509,0.95,qwen3-30b-a3b-instruct-2507,0.70
6,8,"Policies should prioritize lab-grown meat because it eliminates agricultural methane emissions, uses a fraction of the land and water, and completely bypasses animal slaughter.","Policies should prioritize regenerative livestock farming because grazing animals actively rebuild topsoil ecosystems, sequester carbon naturally, and sustain rural economies that technology cannot replace.",A,apertus-70b-instruct-2509,qwen3-30b-a3b-instruct-2507,no,qwen3-30b-a3b-instruct-2507,1.00,apertus-70b-instruct-2509,0.95,apertus-70b-instruct-2509,0.75
6,8,"Policies should prioritize lab-grown meat because it eliminates agricultural methane emissions, uses a fraction of the land and water, and completely bypasses animal slaughter.","Policies should prioritize regenerative livestock farming because grazing animals actively rebuild topsoil ecosystems, sequester carbon naturally, and sustain rural economies that technology cannot replace.",B,qwen3-30b-a3b-instruct-2507,apertus-70b-instruct-2509,yes,qwen3-30b-a3b-instruct-2507,1.00,apertus-70b-instruct-2509,0.95,qwen3-30b-a3b-instruct-2507,0.70
7,5,"Policies should prioritize lab-grown meat because it eliminates agricultural methane emissions, uses a fraction of the land and water, and completely bypasses animal slaughter.","Policies should prioritize regenerative livestock farming because grazing animals actively rebuild topsoil ecosystems, sequester carbon naturally, and sustain rural economies that technology cannot replace.",A,qwen3-30b-a3b-instruct-2507,apertus-70b-instruct-2509,yes,qwen3-30b-a3b-instruct-2507,1.00,apertus-70b-instruct-2509,0.95,qwen3-30b-a3b-instruct-2507,0.75
7,5,"Policies should prioritize lab-grown meat because it eliminates agricultural methane emissions, uses a fraction of the land and water, and completely bypasses animal slaughter.","Policies should prioritize regenerative livestock farming because grazing animals actively rebuild topsoil ecosystems, sequester carbon naturally, and sustain rural economies that technology cannot replace.",B,apertus-70b-instruct-2509,qwen3-30b-a3b-instruct-2507,no,apertus-70b-instruct-2509,1.00,qwen3-30b-a3b-instruct-2507,0.95,qwen3-30b-a3b-instruct-2507,0.70
8,6,"Policies should prioritize lab-grown meat because it eliminates agricultural methane emissions, uses a fraction of the land and water, and completely bypasses animal slaughter.","Policies should prioritize regenerative livestock farming because grazing animals actively rebuild topsoil ecosystems, sequester carbon naturally, and sustain rural economies that technology cannot replace.",A,qwen3-30b-a3b-instruct-2507,apertus-70b-instruct-2509,no,qwen3-30b-a3b-instruct-2507,1.00,qwen3-30b-a3b-instruct-2507,0.95,qwen3-30b-a3b-instruct-2507,0.75
8,6,"Policies should prioritize lab-grown meat because it eliminates agricultural methane emissions, uses a fraction of the land and water, and completely bypasses animal slaughter.","Policies should prioritize regenerative livestock farming because grazing animals actively rebuild topsoil ecosystems, sequester carbon naturally, and sustain rural economies that technology cannot replace.",B,apertus-70b-instruct-2509,qwen3-30b-a3b-instruct-2507,yes,qwen3-30b-a3b-instruct-2507,1.00,qwen3-30b-a3b-instruct-2507,0.95,qwen3-30b-a3b-instruct-2507,0.60
9,11,"Policies should prioritize lab-grown meat because it eliminates agricultural methane emissions, uses a fraction of the land and water, and completely bypasses animal slaughter.","Policies should prioritize regenerative livestock farming because grazing animals actively rebuild topsoil ecosystems, sequester carbon naturally, and sustain rural economies that technology cannot replace.",A,apertus-70b-instruct-2509,gemma-4-31b-it,yes,gemma-4-31b-it,1.00,gemma-4-31b-it,0.95,apertus-70b-instruct-2509,0.60
9,11,"Policies should prioritize lab-grown meat because it eliminates agricultural methane emissions, uses a fraction of the land and water, and completely bypasses animal slaughter.","Policies should prioritize regenerative livestock farming because grazing animals actively rebuild topsoil ecosystems, sequester carbon naturally, and sustain rural economies that technology cannot replace.",B,gemma-4-31b-it,apertus-70b-instruct-2509,no,gemma-4-31b-it,0.90,apertus-70b-instruct-2509,0.95,gemma-4-31b-it,0.75
10,12,"Policies should prioritize lab-grown meat because it eliminates agricultural methane emissions, uses a fraction of the land and water, and completely bypasses animal slaughter.","Policies should prioritize regenerative livestock farming because grazing animals actively rebuild topsoil ecosystems, sequester carbon naturally, and sustain rural economies that technology cannot replace.",A,apertus-70b-instruct-2509,gemma-4-31b-it,no,gemma-4-31b-it,1.00,apertus-70b-instruct-2509,0.95,gemma-4-31b-it,0.70
10,12,"Policies should prioritize lab-grown meat because it eliminates agricultural methane emissions, uses a fraction of the land and water, and completely bypasses animal slaughter.","Policies should prioritize regenerative livestock farming because grazing animals actively rebuild topsoil ecosystems, sequester carbon naturally, and sustain rural economies that technology cannot replace.",B,gemma-4-31b-it,apertus-70b-instruct-2509,yes,gemma-4-31b-it,0.90,apertus-70b-instruct-2509,0.95,gemma-4-31b-it,0.75
11,9,"Policies should prioritize lab-grown meat because it eliminates agricultural methane emissions, uses a fraction of the land and water, and completely bypasses animal slaughter.","Policies should prioritize regenerative livestock farming because grazing animals actively rebuild topsoil ecosystems, sequester carbon naturally, and sustain rural economies that technology cannot replace.",A,gemma-4-31b-it,apertus-70b-instruct-2509,yes,gemma-4-31b-it,0.85,gemma-4-31b-it,0.95,gemma-4-31b-it,0.70
11,9,"Policies should prioritize lab-grown meat because it eliminates agricultural methane emissions, uses a fraction of the land and water, and completely bypasses animal slaughter.","Policies should prioritize regenerative livestock farming because grazing animals actively rebuild topsoil ecosystems, sequester carbon naturally, and sustain rural economies that technology cannot replace.",B,apertus-70b-instruct-2509,gemma-4-31b-it,no,gemma-4-31b-it,0.85,gemma-4-31b-it,0.95,gemma-4-31b-it,0.60
12,10,"Policies should prioritize lab-grown meat because it eliminates agricultural methane emissions, uses a fraction of the land and water, and completely bypasses animal slaughter.","Policies should prioritize regenerative livestock farming because grazing animals actively rebuild topsoil ecosystems, sequester carbon naturally, and sustain rural economies that technology cannot replace.",A,gemma-4-31b-it,apertus-70b-instruct-2509,no,gemma-4-31b-it,1.00,gemma-4-31b-it,0.95,gemma-4-31b-it,0.70
12,10,"Policies should prioritize lab-grown meat because it eliminates agricultural methane emissions, uses a fraction of the land and water, and completely bypasses animal slaughter.","Policies should prioritize regenerative livestock farming because grazing animals actively rebuild topsoil ecosystems, sequester carbon naturally, and sustain rural economies that technology cannot replace.",B,apertus-70b-instruct-2509,gemma-4-31b-it,yes,gemma-4-31b-it,0.85,gemma-4-31b-it,0.95,gemma-4-31b-it,0.75
13,15,"Policies should prioritize lab-grown meat because it eliminates agricultural methane emissions, uses a fraction of the land and water, and completely bypasses animal slaughter.","Policies should prioritize regenerative livestock farming because grazing animals actively rebuild topsoil ecosystems, sequester carbon naturally, and sustain rural economies that technology cannot replace.",A,meta-llama-3.1-8b-instruct,qwen3-30b-a3b-instruct-2507,yes,qwen3-30b-a3b-instruct-2507,1.00,meta-llama-3.1-8b-instruct,0.95,qwen3-30b-a3b-instruct-2507,0.85
13,15,"Policies should prioritize lab-grown meat because it eliminates agricultural methane emissions, uses a fraction of the land and water, and completely bypasses animal slaughter.","Policies should prioritize regenerative livestock farming because grazing animals actively rebuild topsoil ecosystems, sequester carbon naturally, and sustain rural economies that technology cannot replace.",B,qwen3-30b-a3b-instruct-2507,meta-llama-3.1-8b-instruct,no,qwen3-30b-a3b-instruct-2507,1.00,qwen3-30b-a3b-instruct-2507,0.95,qwen3-30b-a3b-instruct-2507,0.80
14,16,"Policies should prioritize lab-grown meat because it eliminates agricultural methane emissions, uses a fraction of the land and water, and completely bypasses animal slaughter.","Policies should prioritize regenerative livestock farming because grazing animals actively rebuild topsoil ecosystems, sequester carbon naturally, and sustain rural economies that technology cannot replace.",A,meta-llama-3.1-8b-instruct,qwen3-30b-a3b-instruct-2507,no,qwen3-30b-a3b-instruct-2507,1.00,qwen3-30b-a3b-instruct-2507,0.95,qwen3-30b-a3b-instruct-2507,0.75
14,16,"Policies should prioritize lab-grown meat because it eliminates agricultural methane emissions, uses a fraction of the land and water, and completely bypasses animal slaughter.","Policies should prioritize regenerative livestock farming because grazing animals actively rebuild topsoil ecosystems, sequester carbon naturally, and sustain rural economies that technology cannot replace.",B,qwen3-30b-a3b-instruct-2507,meta-llama-3.1-8b-instruct,yes,qwen3-30b-a3b-instruct-2507,1.00,qwen3-30b-a3b-instruct-2507,0.95,qwen3-30b-a3b-instruct-2507,0.85
15,13,"Policies should prioritize lab-grown meat because it eliminates agricultural methane emissions, uses a fraction of the land and water, and completely bypasses animal slaughter.","Policies should prioritize regenerative livestock farming because grazing animals actively rebuild topsoil ecosystems, sequester carbon naturally, and sustain rural economies that technology cannot replace.",A,qwen3-30b-a3b-instruct-2507,meta-llama-3.1-8b-instruct,yes,qwen3-30b-a3b-instruct-2507,1.00,meta-llama-3.1-8b-instruct,0.95,qwen3-30b-a3b-instruct-2507,0.75
15,13,"Policies should prioritize lab-grown meat because it eliminates agricultural methane emissions, uses a fraction of the land and water, and completely bypasses animal slaughter.","Policies should prioritize regenerative livestock farming because grazing animals actively rebuild topsoil ecosystems, sequester carbon naturally, and sustain rural economies that technology cannot replace.",B,meta-llama-3.1-8b-instruct,qwen3-30b-a3b-instruct-2507,no,qwen3-30b-a3b-instruct-2507,1.00,qwen3-30b-a3b-instruct-2507,0.95,qwen3-30b-a3b-instruct-2507,0.70
16,14,"Policies should prioritize lab-grown meat because it eliminates agricultural methane emissions, uses a fraction of the land and water, and completely bypasses animal slaughter.","Policies should prioritize regenerative livestock farming because grazing animals actively rebuild topsoil ecosystems, sequester carbon naturally, and sustain rural economies that technology cannot replace.",A,qwen3-30b-a3b-instruct-2507,meta-llama-3.1-8b-instruct,no,qwen3-30b-a3b-instruct-2507,1.00,qwen3-30b-a3b-instruct-2507,0.95,qwen3-30b-a3b-instruct-2507,0.80
16,14,"Policies should prioritize lab-grown meat because it eliminates agricultural methane emissions, uses a fraction of the land and water, and completely bypasses animal slaughter.","Policies should prioritize regenerative livestock farming because grazing animals actively rebuild topsoil ecosystems, sequester carbon naturally, and sustain rural economies that technology cannot replace.",B,meta-llama-3.1-8b-instruct,qwen3-30b-a3b-instruct-2507,yes,qwen3-30b-a3b-instruct-2507,0.85,qwen3-30b-a3b-instruct-2507,0.95,qwen3-30b-a3b-instruct-2507,0.75
17,19,"Policies should prioritize lab-grown meat because it eliminates agricultural methane emissions, uses a fraction of the land and water, and completely bypasses animal slaughter.","Policies should prioritize regenerative livestock farming because grazing animals actively rebuild topsoil ecosystems, sequester carbon naturally, and sustain rural economies that technology cannot replace.",A,meta-llama-3.1-8b-instruct,gemma-4-31b-it,yes,gemma-4-31b-it,0.90,meta-llama-3.1-8b-instruct,0.95,gemma-4-31b-it,0.75
17,19,"Policies should prioritize lab-grown meat because it eliminates agricultural methane emissions, uses a fraction of the land and water, and completely bypasses animal slaughter.","Policies should prioritize regenerative livestock farming because grazing animals actively rebuild topsoil ecosystems, sequester carbon naturally, and sustain rural economies that technology cannot replace.",B,gemma-4-31b-it,meta-llama-3.1-8b-instruct,no,gemma-4-31b-it,1.00,gemma-4-31b-it,0.95,gemma-4-31b-it,0.80
18,20,"Policies should prioritize lab-grown meat because it eliminates agricultural methane emissions, uses a fraction of the land and water, and completely bypasses animal slaughter.","Policies should prioritize regenerative livestock farming because grazing animals actively rebuild topsoil ecosystems, sequester carbon naturally, and sustain rural economies that technology cannot replace.",A,meta-llama-3.1-8b-instruct,gemma-4-31b-it,no,gemma-4-31b-it,0.90,meta-llama-3.1-8b-instruct,0.95,gemma-4-31b-it,0.75
18,20,"Policies should prioritize lab-grown meat because it eliminates agricultural methane emissions, uses a fraction of the land and water, and completely bypasses animal slaughter.","Policies should prioritize regenerative livestock farming because grazing animals actively rebuild topsoil ecosystems, sequester carbon naturally, and sustain rural economies that technology cannot replace.",B,gemma-4-31b-it,meta-llama-3.1-8b-instruct,yes,gemma-4-31b-it,0.90,gemma-4-31b-it,0.95,gemma-4-31b-it,0.85
19,17,"Policies should prioritize lab-grown meat because it eliminates agricultural methane emissions, uses a fraction of the land and water, and completely bypasses animal slaughter.","Policies should prioritize regenerative livestock farming because grazing animals actively rebuild topsoil ecosystems, sequester carbon naturally, and sustain rural economies that technology cannot replace.",A,gemma-4-31b-it,meta-llama-3.1-8b-instruct,yes,gemma-4-31b-it,1.00,gemma-4-31b-it,0.95,gemma-4-31b-it,0.75
19,17,"Policies should prioritize lab-grown meat because it eliminates agricultural methane emissions, uses a fraction of the land and water, and completely bypasses animal slaughter.","Policies should prioritize regenerative livestock farming because grazing animals actively rebuild topsoil ecosystems, sequester carbon naturally, and sustain rural economies that technology cannot replace.",B,meta-llama-3.1-8b-instruct,gemma-4-31b-it,no,gemma-4-31b-it,1.00,gemma-4-31b-it,0.95,meta-llama-3.1-8b-instruct,0.60
20,18,"Policies should prioritize lab-grown meat because it eliminates agricultural methane emissions, uses a fraction of the land and water, and completely bypasses animal slaughter.","Policies should prioritize regenerative livestock farming because grazing animals actively rebuild topsoil ecosystems, sequester carbon naturally, and sustain rural economies that technology cannot replace.",A,gemma-4-31b-it,meta-llama-3.1-8b-instruct,no,gemma-4-31b-it,1.00,gemma-4-31b-it,0.95,gemma-4-31b-it,0.85
20,18,"Policies should prioritize lab-grown meat because it eliminates agricultural methane emissions, uses a fraction of the land and water, and completely bypasses animal slaughter.","Policies should prioritize regenerative livestock farming because grazing animals actively rebuild topsoil ecosystems, sequester carbon naturally, and sustain rural economies that technology cannot replace.",B,meta-llama-3.1-8b-instruct,gemma-4-31b-it,yes,gemma-4-31b-it,1.00,gemma-4-31b-it,0.95,gemma-4-31b-it,0.60
21,23,"Policies should prioritize lab-grown meat because it eliminates agricultural methane emissions, uses a fraction of the land and water, and completely bypasses animal slaughter.","Policies should prioritize regenerative livestock farming because grazing animals actively rebuild topsoil ecosystems, sequester carbon naturally, and sustain rural economies that technology cannot replace.",A,qwen3-30b-a3b-instruct-2507,gemma-4-31b-it,yes,qwen3-30b-a3b-instruct-2507,1.00,qwen3-30b-a3b-instruct-2507,0.95,qwen3-30b-a3b-instruct-2507,0.75
21,23,"Policies should prioritize lab-grown meat because it eliminates agricultural methane emissions, uses a fraction of the land and water, and completely bypasses animal slaughter.","Policies should prioritize regenerative livestock farming because grazing animals actively rebuild topsoil ecosystems, sequester carbon naturally, and sustain rural economies that technology cannot replace.",B,gemma-4-31b-it,qwen3-30b-a3b-instruct-2507,no,gemma-4-31b-it,0.85,qwen3-30b-a3b-instruct-2507,0.95,gemma-4-31b-it,0.70
22,24,"Policies should prioritize lab-grown meat because it eliminates agricultural methane emissions, uses a fraction of the land and water, and completely bypasses animal slaughter.","Policies should prioritize regenerative livestock farming because grazing animals actively rebuild topsoil ecosystems, sequester carbon naturally, and sustain rural economies that technology cannot replace.",A,qwen3-30b-a3b-instruct-2507,gemma-4-31b-it,no,qwen3-30b-a3b-instruct-2507,0.85,qwen3-30b-a3b-instruct-2507,0.95,gemma-4-31b-it,0.60
22,24,"Policies should prioritize lab-grown meat because it eliminates agricultural methane emissions, uses a fraction of the land and water, and completely bypasses animal slaughter.","Policies should prioritize regenerative livestock farming because grazing animals actively rebuild topsoil ecosystems, sequester carbon naturally, and sustain rural economies that technology cannot replace.",B,gemma-4-31b-it,qwen3-30b-a3b-instruct-2507,yes,gemma-4-31b-it,0.85,qwen3-30b-a3b-instruct-2507,0.95,gemma-4-31b-it,0.75
23,21,"Policies should prioritize lab-grown meat because it eliminates agricultural methane emissions, uses a fraction of the land and water, and completely bypasses animal slaughter.","Policies should prioritize regenerative livestock farming because grazing animals actively rebuild topsoil ecosystems, sequester carbon naturally, and sustain rural economies that technology cannot replace.",A,gemma-4-31b-it,qwen3-30b-a3b-instruct-2507,yes,gemma-4-31b-it,0.85,gemma-4-31b-it,0.95,gemma-4-31b-it,0.70
23,21,"Policies should prioritize lab-grown meat because it eliminates agricultural methane emissions, uses a fraction of the land and water, and completely bypasses animal slaughter.","Policies should prioritize regenerative livestock farming because grazing animals actively rebuild topsoil ecosystems, sequester carbon naturally, and sustain rural economies that technology cannot replace.",B,qwen3-30b-a3b-instruct-2507,gemma-4-31b-it,no,qwen3-30b-a3b-instruct-2507,1.00,qwen3-30b-a3b-instruct-2507,0.95,qwen3-30b-a3b-instruct-2507,0.75
24,22,"Policies should prioritize lab-grown meat because it eliminates agricultural methane emissions, uses a fraction of the land and water, and completely bypasses animal slaughter.","Policies should prioritize regenerative livestock farming because grazing animals actively rebuild topsoil ecosystems, sequester carbon naturally, and sustain rural economies that technology cannot replace.",A,gemma-4-31b-it,qwen3-30b-a3b-instruct-2507,no,gemma-4-31b-it,0.85,gemma-4-31b-it,0.95,gemma-4-31b-it,0.75
24,22,"Policies should prioritize lab-grown meat because it eliminates agricultural methane emissions, uses a fraction of the land and water, and completely bypasses animal slaughter.","Policies should prioritize regenerative livestock farming because grazing animals actively rebuild topsoil ecosystems, sequester carbon naturally, and sustain rural economies that technology cannot replace.",B,qwen3-30b-a3b-instruct-2507,gemma-4-31b-it,yes,qwen3-30b-a3b-instruct-2507,0.85,gemma-4-31b-it,0.95,qwen3-30b-a3b-instruct-2507,0.75
25,27,Systems should prioritize restorative justice because centering victim healing and community reconciliation significantly lowers recidivism rates compared to punitive incarceration.,"Systems should maintain traditional retributive sentencing because uniform legal penalties ensure systemic deterrence, provide predictable outcomes, and satisfy the public demand for objective rule of law.",A,apertus-70b-instruct-2509,meta-llama-3.1-8b-instruct,yes,apertus-70b-instruct-2509,1.00,apertus-70b-instruct-2509,0.95,apertus-70b-instruct-2509,0.80
25,27,Systems should prioritize restorative justice because centering victim healing and community reconciliation significantly lowers recidivism rates compared to punitive incarceration.,"Systems should maintain traditional retributive sentencing because uniform legal penalties ensure systemic deterrence, provide predictable outcomes, and satisfy the public demand for objective rule of law.",B,meta-llama-3.1-8b-instruct,apertus-70b-instruct-2509,no,apertus-70b-instruct-2509,1.00,apertus-70b-instruct-2509,0.95,apertus-70b-instruct-2509,0.70
26,28,Systems should prioritize restorative justice because centering victim healing and community reconciliation significantly lowers recidivism rates compared to punitive incarceration.,"Systems should maintain traditional retributive sentencing because uniform legal penalties ensure systemic deterrence, provide predictable outcomes, and satisfy the public demand for objective rule of law.",A,apertus-70b-instruct-2509,meta-llama-3.1-8b-instruct,no,apertus-70b-instruct-2509,1.00,apertus-70b-instruct-2509,0.95,apertus-70b-instruct-2509,0.80
26,28,Systems should prioritize restorative justice because centering victim healing and community reconciliation significantly lowers recidivism rates compared to punitive incarceration.,"Systems should maintain traditional retributive sentencing because uniform legal penalties ensure systemic deterrence, provide predictable outcomes, and satisfy the public demand for objective rule of law.",B,meta-llama-3.1-8b-instruct,apertus-70b-instruct-2509,yes,apertus-70b-instruct-2509,0.80,apertus-70b-instruct-2509,0.95,apertus-70b-instruct-2509,0.75
27,25,Systems should prioritize restorative justice because centering victim healing and community reconciliation significantly lowers recidivism rates compared to punitive incarceration.,"Systems should maintain traditional retributive sentencing because uniform legal penalties ensure systemic deterrence, provide predictable outcomes, and satisfy the public demand for objective rule of law.",A,meta-llama-3.1-8b-instruct,apertus-70b-instruct-2509,yes,apertus-70b-instruct-2509,1.00,apertus-70b-instruct-2509,0.95,apertus-70b-instruct-2509,0.60
27,25,Systems should prioritize restorative justice because centering victim healing and community reconciliation significantly lowers recidivism rates compared to punitive incarceration.,"Systems should maintain traditional retributive sentencing because uniform legal penalties ensure systemic deterrence, provide predictable outcomes, and satisfy the public demand for objective rule of law.",B,apertus-70b-instruct-2509,meta-llama-3.1-8b-instruct,no,apertus-70b-instruct-2509,1.00,meta-llama-3.1-8b-instruct,0.95,apertus-70b-instruct-2509,0.70
28,26,Systems should prioritize restorative justice because centering victim healing and community reconciliation significantly lowers recidivism rates compared to punitive incarceration.,"Systems should maintain traditional retributive sentencing because uniform legal penalties ensure systemic deterrence, provide predictable outcomes, and satisfy the public demand for objective rule of law.",A,meta-llama-3.1-8b-instruct,apertus-70b-instruct-2509,no,apertus-70b-instruct-2509,0.80,apertus-70b-instruct-2509,0.95,apertus-70b-instruct-2509,0.70
28,26,Systems should prioritize restorative justice because centering victim healing and community reconciliation significantly lowers recidivism rates compared to punitive incarceration.,"Systems should maintain traditional retributive sentencing because uniform legal penalties ensure systemic deterrence, provide predictable outcomes, and satisfy the public demand for objective rule of law.",B,apertus-70b-instruct-2509,meta-llama-3.1-8b-instruct,yes,apertus-70b-instruct-2509,1.00,meta-llama-3.1-8b-instruct,0.95,apertus-70b-instruct-2509,0.70
29,31,Systems should prioritize restorative justice because centering victim healing and community reconciliation significantly lowers recidivism rates compared to punitive incarceration.,"Systems should maintain traditional retributive sentencing because uniform legal penalties ensure systemic deterrence, provide predictable outcomes, and satisfy the public demand for objective rule of law.",A,apertus-70b-instruct-2509,qwen3-30b-a3b-instruct-2507,yes,qwen3-30b-a3b-instruct-2507,1.00,qwen3-30b-a3b-instruct-2507,0.95,apertus-70b-instruct-2509,0.75
29,31,Systems should prioritize restorative justice because centering victim healing and community reconciliation significantly lowers recidivism rates compared to punitive incarceration.,"Systems should maintain traditional retributive sentencing because uniform legal penalties ensure systemic deterrence, provide predictable outcomes, and satisfy the public demand for objective rule of law.",B,qwen3-30b-a3b-instruct-2507,apertus-70b-instruct-2509,no,qwen3-30b-a3b-instruct-2507,1.00,apertus-70b-instruct-2509,0.95,qwen3-30b-a3b-instruct-2507,0.80
30,32,Systems should prioritize restorative justice because centering victim healing and community reconciliation significantly lowers recidivism rates compared to punitive incarceration.,"Systems should maintain traditional retributive sentencing because uniform legal penalties ensure systemic deterrence, provide predictable outcomes, and satisfy the public demand for objective rule of law.",A,apertus-70b-instruct-2509,qwen3-30b-a3b-instruct-2507,no,qwen3-30b-a3b-instruct-2507,1.00,qwen3-30b-a3b-instruct-2507,0.95,qwen3-30b-a3b-instruct-2507,0.60
30,32,Systems should prioritize restorative justice because centering victim healing and community reconciliation significantly lowers recidivism rates compared to punitive incarceration.,"Systems should maintain traditional retributive sentencing because uniform legal penalties ensure systemic deterrence, provide predictable outcomes, and satisfy the public demand for objective rule of law.",B,qwen3-30b-a3b-instruct-2507,apertus-70b-instruct-2509,yes,qwen3-30b-a3b-instruct-2507,1.00,apertus-70b-instruct-2509,0.95,qwen3-30b-a3b-instruct-2507,0.75
31,29,Systems should prioritize restorative justice because centering victim healing and community reconciliation significantly lowers recidivism rates compared to punitive incarceration.,"Systems should maintain traditional retributive sentencing because uniform legal penalties ensure systemic deterrence, provide predictable outcomes, and satisfy the public demand for objective rule of law.",A,qwen3-30b-a3b-instruct-2507,apertus-70b-instruct-2509,yes,qwen3-30b-a3b-instruct-2507,1.00,qwen3-30b-a3b-instruct-2507,0.95,qwen3-30b-a3b-instruct-2507,0.75
31,29,Systems should prioritize restorative justice because centering victim healing and community reconciliation significantly lowers recidivism rates compared to punitive incarceration.,"Systems should maintain traditional retributive sentencing because uniform legal penalties ensure systemic deterrence, provide predictable outcomes, and satisfy the public demand for objective rule of law.",B,apertus-70b-instruct-2509,qwen3-30b-a3b-instruct-2507,no,qwen3-30b-a3b-instruct-2507,1.00,qwen3-30b-a3b-instruct-2507,0.95,qwen3-30b-a3b-instruct-2507,0.60
32,30,Systems should prioritize restorative justice because centering victim healing and community reconciliation significantly lowers recidivism rates compared to punitive incarceration.,"Systems should maintain traditional retributive sentencing because uniform legal penalties ensure systemic deterrence, provide predictable outcomes, and satisfy the public demand for objective rule of law.",A,qwen3-30b-a3b-instruct-2507,apertus-70b-instruct-2509,no,qwen3-30b-a3b-instruct-2507,1.00,qwen3-30b-a3b-instruct-2507,0.95,qwen3-30b-a3b-instruct-2507,0.85
32,30,Systems should prioritize restorative justice because centering victim healing and community reconciliation significantly lowers recidivism rates compared to punitive incarceration.,"Systems should maintain traditional retributive sentencing because uniform legal penalties ensure systemic deterrence, provide predictable outcomes, and satisfy the public demand for objective rule of law.",B,apertus-70b-instruct-2509,qwen3-30b-a3b-instruct-2507,yes,qwen3-30b-a3b-instruct-2507,1.00,qwen3-30b-a3b-instruct-2507,0.95,qwen3-30b-a3b-instruct-2507,0.75
33,35,Systems should prioritize restorative justice because centering victim healing and community reconciliation significantly lowers recidivism rates compared to punitive incarceration.,"Systems should maintain traditional retributive sentencing because uniform legal penalties ensure systemic deterrence, provide predictable outcomes, and satisfy the public demand for objective rule of law.",A,apertus-70b-instruct-2509,gemma-4-31b-it,yes,gemma-4-31b-it,0.80,apertus-70b-instruct-2509,0.95,apertus-70b-instruct-2509,0.60
33,35,Systems should prioritize restorative justice because centering victim healing and community reconciliation significantly lowers recidivism rates compared to punitive incarceration.,"Systems should maintain traditional retributive sentencing because uniform legal penalties ensure systemic deterrence, provide predictable outcomes, and satisfy the public demand for objective rule of law.",B,gemma-4-31b-it,apertus-70b-instruct-2509,no,gemma-4-31b-it,1.00,apertus-70b-instruct-2509,0.95,gemma-4-31b-it,0.80
34,36,Systems should prioritize restorative justice because centering victim healing and community reconciliation significantly lowers recidivism rates compared to punitive incarceration.,"Systems should maintain traditional retributive sentencing because uniform legal penalties ensure systemic deterrence, provide predictable outcomes, and satisfy the public demand for objective rule of law.",A,apertus-70b-instruct-2509,gemma-4-31b-it,no,gemma-4-31b-it,1.00,apertus-70b-instruct-2509,0.95,apertus-70b-instruct-2509,0.75
34,36,Systems should prioritize restorative justice because centering victim healing and community reconciliation significantly lowers recidivism rates compared to punitive incarceration.,"Systems should maintain traditional retributive sentencing because uniform legal penalties ensure systemic deterrence, provide predictable outcomes, and satisfy the public demand for objective rule of law.",B,gemma-4-31b-it,apertus-70b-instruct-2509,yes,gemma-4-31b-it,1.00,apertus-70b-instruct-2509,0.95,gemma-4-31b-it,0.75
35,33,Systems should prioritize restorative justice because centering victim healing and community reconciliation significantly lowers recidivism rates compared to punitive incarceration.,"Systems should maintain traditional retributive sentencing because uniform legal penalties ensure systemic deterrence, provide predictable outcomes, and satisfy the public demand for objective rule of law.",A,gemma-4-31b-it,apertus-70b-instruct-2509,yes,gemma-4-31b-it,1.00,gemma-4-31b-it,0.95,gemma-4-31b-it,0.75
35,33,Systems should prioritize restorative justice because centering victim healing and community reconciliation significantly lowers recidivism rates compared to punitive incarceration.,"Systems should maintain traditional retributive sentencing because uniform legal penalties ensure systemic deterrence, provide predictable outcomes, and satisfy the public demand for objective rule of law.",B,apertus-70b-instruct-2509,gemma-4-31b-it,no,gemma-4-31b-it,1.00,gemma-4-31b-it,0.95,gemma-4-31b-it,0.70
36,34,Systems should prioritize restorative justice because centering victim healing and community reconciliation significantly lowers recidivism rates compared to punitive incarceration.,"Systems should maintain traditional retributive sentencing because uniform legal penalties ensure systemic deterrence, provide predictable outcomes, and satisfy the public demand for objective rule of law.",A,gemma-4-31b-it,apertus-70b-instruct-2509,no,gemma-4-31b-it,1.00,gemma-4-31b-it,0.95,gemma-4-31b-it,0.75
36,34,Systems should prioritize restorative justice because centering victim healing and community reconciliation significantly lowers recidivism rates compared to punitive incarceration.,"Systems should maintain traditional retributive sentencing because uniform legal penalties ensure systemic deterrence, provide predictable outcomes, and satisfy the public demand for objective rule of law.",B,apertus-70b-instruct-2509,gemma-4-31b-it,yes,gemma-4-31b-it,1.00,gemma-4-31b-it,0.95,gemma-4-31b-it,0.80
37,39,Systems should prioritize restorative justice because centering victim healing and community reconciliation significantly lowers recidivism rates compared to punitive incarceration.,"Systems should maintain traditional retributive sentencing because uniform legal penalties ensure systemic deterrence, provide predictable outcomes, and satisfy the public demand for objective rule of law.",A,meta-llama-3.1-8b-instruct,qwen3-30b-a3b-instruct-2507,yes,qwen3-30b-a3b-instruct-2507,1.00,qwen3-30b-a3b-instruct-2507,0.95,qwen3-30b-a3b-instruct-2507,0.75
37,39,Systems should prioritize restorative justice because centering victim healing and community reconciliation significantly lowers recidivism rates compared to punitive incarceration.,"Systems should maintain traditional retributive sentencing because uniform legal penalties ensure systemic deterrence, provide predictable outcomes, and satisfy the public demand for objective rule of law.",B,qwen3-30b-a3b-instruct-2507,meta-llama-3.1-8b-instruct,no,qwen3-30b-a3b-instruct-2507,1.00,meta-llama-3.1-8b-instruct,0.95,qwen3-30b-a3b-instruct-2507,0.80
38,40,Systems should prioritize restorative justice because centering victim healing and community reconciliation significantly lowers recidivism rates compared to punitive incarceration.,"Systems should maintain traditional retributive sentencing because uniform legal penalties ensure systemic deterrence, provide predictable outcomes, and satisfy the public demand for objective rule of law.",A,meta-llama-3.1-8b-instruct,qwen3-30b-a3b-instruct-2507,no,qwen3-30b-a3b-instruct-2507,1.00,qwen3-30b-a3b-instruct-2507,0.95,qwen3-30b-a3b-instruct-2507,0.75
38,40,Systems should prioritize restorative justice because centering victim healing and community reconciliation significantly lowers recidivism rates compared to punitive incarceration.,"Systems should maintain traditional retributive sentencing because uniform legal penalties ensure systemic deterrence, provide predictable outcomes, and satisfy the public demand for objective rule of law.",B,qwen3-30b-a3b-instruct-2507,meta-llama-3.1-8b-instruct,yes,qwen3-30b-a3b-instruct-2507,1.00,meta-llama-3.1-8b-instruct,0.95,qwen3-30b-a3b-instruct-2507,0.80
39,37,Systems should prioritize restorative justice because centering victim healing and community reconciliation significantly lowers recidivism rates compared to punitive incarceration.,"Systems should maintain traditional retributive sentencing because uniform legal penalties ensure systemic deterrence, provide predictable outcomes, and satisfy the public demand for objective rule of law.",A,qwen3-30b-a3b-instruct-2507,meta-llama-3.1-8b-instruct,yes,qwen3-30b-a3b-instruct-2507,0.85,qwen3-30b-a3b-instruct-2507,0.95,qwen3-30b-a3b-instruct-2507,0.80
39,37,Systems should prioritize restorative justice because centering victim healing and community reconciliation significantly lowers recidivism rates compared to punitive incarceration.,"Systems should maintain traditional retributive sentencing because uniform legal penalties ensure systemic deterrence, provide predictable outcomes, and satisfy the public demand for objective rule of law.",B,meta-llama-3.1-8b-instruct,qwen3-30b-a3b-instruct-2507,no,qwen3-30b-a3b-instruct-2507,1.00,qwen3-30b-a3b-instruct-2507,0.95,qwen3-30b-a3b-instruct-2507,0.80
40,38,Systems should prioritize restorative justice because centering victim healing and community reconciliation significantly lowers recidivism rates compared to punitive incarceration.,"Systems should maintain traditional retributive sentencing because uniform legal penalties ensure systemic deterrence, provide predictable outcomes, and satisfy the public demand for objective rule of law.",A,qwen3-30b-a3b-instruct-2507,meta-llama-3.1-8b-instruct,no,qwen3-30b-a3b-instruct-2507,1.00,qwen3-30b-a3b-instruct-2507,0.95,qwen3-30b-a3b-instruct-2507,0.80
40,38,Systems should prioritize restorative justice because centering victim healing and community reconciliation significantly lowers recidivism rates compared to punitive incarceration.,"Systems should maintain traditional retributive sentencing because uniform legal penalties ensure systemic deterrence, provide predictable outcomes, and satisfy the public demand for objective rule of law.",B,meta-llama-3.1-8b-instruct,qwen3-30b-a3b-instruct-2507,yes,qwen3-30b-a3b-instruct-2507,1.00,qwen3-30b-a3b-instruct-2507,0.95,qwen3-30b-a3b-instruct-2507,0.80
41,43,Systems should prioritize restorative justice because centering victim healing and community reconciliation significantly lowers recidivism rates compared to punitive incarceration.,"Systems should maintain traditional retributive sentencing because uniform legal penalties ensure systemic deterrence, provide predictable outcomes, and satisfy the public demand for objective rule of law.",A,meta-llama-3.1-8b-instruct,gemma-4-31b-it,yes,gemma-4-31b-it,0.85,gemma-4-31b-it,0.95,gemma-4-31b-it,0.75
41,43,Systems should prioritize restorative justice because centering victim healing and community reconciliation significantly lowers recidivism rates compared to punitive incarceration.,"Systems should maintain traditional retributive sentencing because uniform legal penalties ensure systemic deterrence, provide predictable outcomes, and satisfy the public demand for objective rule of law.",B,gemma-4-31b-it,meta-llama-3.1-8b-instruct,no,gemma-4-31b-it,1.00,gemma-4-31b-it,0.95,gemma-4-31b-it,0.80
42,44,Systems should prioritize restorative justice because centering victim healing and community reconciliation significantly lowers recidivism rates compared to punitive incarceration.,"Systems should maintain traditional retributive sentencing because uniform legal penalties ensure systemic deterrence, provide predictable outcomes, and satisfy the public demand for objective rule of law.",A,meta-llama-3.1-8b-instruct,gemma-4-31b-it,no,gemma-4-31b-it,0.85,meta-llama-3.1-8b-instruct,0.95,gemma-4-31b-it,0.60
42,44,Systems should prioritize restorative justice because centering victim healing and community reconciliation significantly lowers recidivism rates compared to punitive incarceration.,"Systems should maintain traditional retributive sentencing because uniform legal penalties ensure systemic deterrence, provide predictable outcomes, and satisfy the public demand for objective rule of law.",B,gemma-4-31b-it,meta-llama-3.1-8b-instruct,yes,gemma-4-31b-it,1.00,meta-llama-3.1-8b-instruct,0.95,gemma-4-31b-it,0.85
43,41,Systems should prioritize restorative justice because centering victim healing and community reconciliation significantly lowers recidivism rates compared to punitive incarceration.,"Systems should maintain traditional retributive sentencing because uniform legal penalties ensure systemic deterrence, provide predictable outcomes, and satisfy the public demand for objective rule of law.",A,gemma-4-31b-it,meta-llama-3.1-8b-instruct,yes,gemma-4-31b-it,1.00,gemma-4-31b-it,0.95,gemma-4-31b-it,0.75
43,41,Systems should prioritize restorative justice because centering victim healing and community reconciliation significantly lowers recidivism rates compared to punitive incarceration.,"Systems should maintain traditional retributive sentencing because uniform legal penalties ensure systemic deterrence, provide predictable outcomes, and satisfy the public demand for objective rule of law.",B,meta-llama-3.1-8b-instruct,gemma-4-31b-it,no,gemma-4-31b-it,1.00,meta-llama-3.1-8b-instruct,0.95,meta-llama-3.1-8b-instruct,0.75
44,42,Systems should prioritize restorative justice because centering victim healing and community reconciliation significantly lowers recidivism rates compared to punitive incarceration.,"Systems should maintain traditional retributive sentencing because uniform legal penalties ensure systemic deterrence, provide predictable outcomes, and satisfy the public demand for objective rule of law.",A,gemma-4-31b-it,meta-llama-3.1-8b-instruct,no,gemma-4-31b-it,1.00,gemma-4-31b-it,0.95,gemma-4-31b-it,0.70
44,42,Systems should prioritize restorative justice because centering victim healing and community reconciliation significantly lowers recidivism rates compared to punitive incarceration.,"Systems should maintain traditional retributive sentencing because uniform legal penalties ensure systemic deterrence, provide predictable outcomes, and satisfy the public demand for objective rule of law.",B,meta-llama-3.1-8b-instruct,gemma-4-31b-it,yes,gemma-4-31b-it,1.00,gemma-4-31b-it,0.95,gemma-4-31b-it,0.70
45,47,Systems should prioritize restorative justice because centering victim healing and community reconciliation significantly lowers recidivism rates compared to punitive incarceration.,"Systems should maintain traditional retributive sentencing because uniform legal penalties ensure systemic deterrence, provide predictable outcomes, and satisfy the public demand for objective rule of law.",A,qwen3-30b-a3b-instruct-2507,gemma-4-31b-it,yes,qwen3-30b-a3b-instruct-2507,1.00,qwen3-30b-a3b-instruct-2507,0.95,qwen3-30b-a3b-instruct-2507,0.90
45,47,Systems should prioritize restorative justice because centering victim healing and community reconciliation significantly lowers recidivism rates compared to punitive incarceration.,"Systems should maintain traditional retributive sentencing because uniform legal penalties ensure systemic deterrence, provide predictable outcomes, and satisfy the public demand for objective rule of law.",B,gemma-4-31b-it,qwen3-30b-a3b-instruct-2507,no,gemma-4-31b-it,1.00,qwen3-30b-a3b-instruct-2507,0.95,gemma-4-31b-it,0.90
46,48,Systems should prioritize restorative justice because centering victim healing and community reconciliation significantly lowers recidivism rates compared to punitive incarceration.,"Systems should maintain traditional retributive sentencing because uniform legal penalties ensure systemic deterrence, provide predictable outcomes, and satisfy the public demand for objective rule of law.",A,qwen3-30b-a3b-instruct-2507,gemma-4-31b-it,no,qwen3-30b-a3b-instruct-2507,1.00,qwen3-30b-a3b-instruct-2507,0.95,gemma-4-31b-it,0.60
46,48,Systems should prioritize restorative justice because centering victim healing and community reconciliation significantly lowers recidivism rates compared to punitive incarceration.,"Systems should maintain traditional retributive sentencing because uniform legal penalties ensure systemic deterrence, provide predictable outcomes, and satisfy the public demand for objective rule of law.",B,gemma-4-31b-it,qwen3-30b-a3b-instruct-2507,yes,gemma-4-31b-it,1.00,qwen3-30b-a3b-instruct-2507,0.95,qwen3-30b-a3b-instruct-2507,0.60
47,45,Systems should prioritize restorative justice because centering victim healing and community reconciliation significantly lowers recidivism rates compared to punitive incarceration.,"Systems should maintain traditional retributive sentencing because uniform legal penalties ensure systemic deterrence, provide predictable outcomes, and satisfy the public demand for objective rule of law.",A,gemma-4-31b-it,qwen3-30b-a3b-instruct-2507,yes,qwen3-30b-a3b-instruct-2507,1.00,qwen3-30b-a3b-instruct-2507,0.95,qwen3-30b-a3b-instruct-2507,0.80
47,45,Systems should prioritize restorative justice because centering victim healing and community reconciliation significantly lowers recidivism rates compared to punitive incarceration.,"Systems should maintain traditional retributive sentencing because uniform legal penalties ensure systemic deterrence, provide predictable outcomes, and satisfy the public demand for objective rule of law.",B,qwen3-30b-a3b-instruct-2507,gemma-4-31b-it,no,qwen3-30b-a3b-instruct-2507,1.00,gemma-4-31b-it,0.95,gemma-4-31b-it,0.80
48,46,Systems should prioritize restorative justice because centering victim healing and community reconciliation significantly lowers recidivism rates compared to punitive incarceration.,"Systems should maintain traditional retributive sentencing because uniform legal penalties ensure systemic deterrence, provide predictable outcomes, and satisfy the public demand for objective rule of law.",A,gemma-4-31b-it,qwen3-30b-a3b-instruct-2507,no,gemma-4-31b-it,1.00,qwen3-30b-a3b-instruct-2507,0.95,gemma-4-31b-it,0.75
48,46,Systems should prioritize restorative justice because centering victim healing and community reconciliation significantly lowers recidivism rates compared to punitive incarceration.,"Systems should maintain traditional retributive sentencing because uniform legal penalties ensure systemic deterrence, provide predictable outcomes, and satisfy the public demand for objective rule of law.",B,qwen3-30b-a3b-instruct-2507,gemma-4-31b-it,yes,qwen3-30b-a3b-instruct-2507,0.80,gemma-4-31b-it,0.95,qwen3-30b-a3b-instruct-2507,0.75
49,51,"Museums should repatriate artifacts because physical ownership belongs to the source cultures as a matter of historical justice, while advanced digital twins can fulfill the global educational mission.",Museums should retain physical artifacts because universal museums safeguard global heritage against localized geopolitical instability and provide unparalleled physical access to diverse global audiences.,A,apertus-70b-instruct-2509,meta-llama-3.1-8b-instruct,yes,apertus-70b-instruct-2509,1.00,apertus-70b-instruct-2509,0.95,apertus-70b-instruct-2509,0.70
49,51,"Museums should repatriate artifacts because physical ownership belongs to the source cultures as a matter of historical justice, while advanced digital twins can fulfill the global educational mission.",Museums should retain physical artifacts because universal museums safeguard global heritage against localized geopolitical instability and provide unparalleled physical access to diverse global audiences.,B,meta-llama-3.1-8b-instruct,apertus-70b-instruct-2509,no,apertus-70b-instruct-2509,1.00,apertus-70b-instruct-2509,0.95,apertus-70b-instruct-2509,0.60
50,52,"Museums should repatriate artifacts because physical ownership belongs to the source cultures as a matter of historical justice, while advanced digital twins can fulfill the global educational mission.",Museums should retain physical artifacts because universal museums safeguard global heritage against localized geopolitical instability and provide unparalleled physical access to diverse global audiences.,A,apertus-70b-instruct-2509,meta-llama-3.1-8b-instruct,no,apertus-70b-instruct-2509,1.00,apertus-70b-instruct-2509,0.95,apertus-70b-instruct-2509,0.85
50,52,"Museums should repatriate artifacts because physical ownership belongs to the source cultures as a matter of historical justice, while advanced digital twins can fulfill the global educational mission.",Museums should retain physical artifacts because universal museums safeguard global heritage against localized geopolitical instability and provide unparalleled physical access to diverse global audiences.,B,meta-llama-3.1-8b-instruct,apertus-70b-instruct-2509,yes,apertus-70b-instruct-2509,1.00,apertus-70b-instruct-2509,0.95,apertus-70b-instruct-2509,0.75
51,49,"Museums should repatriate artifacts because physical ownership belongs to the source cultures as a matter of historical justice, while advanced digital twins can fulfill the global educational mission.",Museums should retain physical artifacts because universal museums safeguard global heritage against localized geopolitical instability and provide unparalleled physical access to diverse global audiences.,A,meta-llama-3.1-8b-instruct,apertus-70b-instruct-2509,yes,meta-llama-3.1-8b-instruct,1.00,apertus-70b-instruct-2509,0.95,apertus-70b-instruct-2509,0.70
51,49,"Museums should repatriate artifacts because physical ownership belongs to the source cultures as a matter of historical justice, while advanced digital twins can fulfill the global educational mission.",Museums should retain physical artifacts because universal museums safeguard global heritage against localized geopolitical instability and provide unparalleled physical access to diverse global audiences.,B,apertus-70b-instruct-2509,meta-llama-3.1-8b-instruct,no,apertus-70b-instruct-2509,1.00,apertus-70b-instruct-2509,0.95,apertus-70b-instruct-2509,0.70
52,50,"Museums should repatriate artifacts because physical ownership belongs to the source cultures as a matter of historical justice, while advanced digital twins can fulfill the global educational mission.",Museums should retain physical artifacts because universal museums safeguard global heritage against localized geopolitical instability and provide unparalleled physical access to diverse global audiences.,A,meta-llama-3.1-8b-instruct,apertus-70b-instruct-2509,no,apertus-70b-instruct-2509,1.00,apertus-70b-instruct-2509,0.95,apertus-70b-instruct-2509,0.70
52,50,"Museums should repatriate artifacts because physical ownership belongs to the source cultures as a matter of historical justice, while advanced digital twins can fulfill the global educational mission.",Museums should retain physical artifacts because universal museums safeguard global heritage against localized geopolitical instability and provide unparalleled physical access to diverse global audiences.,B,apertus-70b-instruct-2509,meta-llama-3.1-8b-instruct,yes,apertus-70b-instruct-2509,1.00,meta-llama-3.1-8b-instruct,0.95,apertus-70b-instruct-2509,0.85
53,55,"Museums should repatriate artifacts because physical ownership belongs to the source cultures as a matter of historical justice, while advanced digital twins can fulfill the global educational mission.",Museums should retain physical artifacts because universal museums safeguard global heritage against localized geopolitical instability and provide unparalleled physical access to diverse global audiences.,A,apertus-70b-instruct-2509,qwen3-30b-a3b-instruct-2507,yes,qwen3-30b-a3b-instruct-2507,1.00,qwen3-30b-a3b-instruct-2507,0.95,apertus-70b-instruct-2509,0.65
53,55,"Museums should repatriate artifacts because physical ownership belongs to the source cultures as a matter of historical justice, while advanced digital twins can fulfill the global educational mission.",Museums should retain physical artifacts because universal museums safeguard global heritage against localized geopolitical instability and provide unparalleled physical access to diverse global audiences.,B,qwen3-30b-a3b-instruct-2507,apertus-70b-instruct-2509,no,qwen3-30b-a3b-instruct-2507,1.00,apertus-70b-instruct-2509,0.95,qwen3-30b-a3b-instruct-2507,0.75
54,56,"Museums should repatriate artifacts because physical ownership belongs to the source cultures as a matter of historical justice, while advanced digital twins can fulfill the global educational mission.",Museums should retain physical artifacts because universal museums safeguard global heritage against localized geopolitical instability and provide unparalleled physical access to diverse global audiences.,A,apertus-70b-instruct-2509,qwen3-30b-a3b-instruct-2507,no,qwen3-30b-a3b-instruct-2507,1.00,qwen3-30b-a3b-instruct-2507,0.95,qwen3-30b-a3b-instruct-2507,0.75
54,56,"Museums should repatriate artifacts because physical ownership belongs to the source cultures as a matter of historical justice, while advanced digital twins can fulfill the global educational mission.",Museums should retain physical artifacts because universal museums safeguard global heritage against localized geopolitical instability and provide unparalleled physical access to diverse global audiences.,B,qwen3-30b-a3b-instruct-2507,apertus-70b-instruct-2509,yes,qwen3-30b-a3b-instruct-2507,1.00,apertus-70b-instruct-2509,0.95,qwen3-30b-a3b-instruct-2507,0.75
55,53,"Museums should repatriate artifacts because physical ownership belongs to the source cultures as a matter of historical justice, while advanced digital twins can fulfill the global educational mission.",Museums should retain physical artifacts because universal museums safeguard global heritage against localized geopolitical instability and provide unparalleled physical access to diverse global audiences.,A,qwen3-30b-a3b-instruct-2507,apertus-70b-instruct-2509,yes,qwen3-30b-a3b-instruct-2507,1.00,apertus-70b-instruct-2509,0.95,qwen3-30b-a3b-instruct-2507,0.75
55,53,"Museums should repatriate artifacts because physical ownership belongs to the source cultures as a matter of historical justice, while advanced digital twins can fulfill the global educational mission.",Museums should retain physical artifacts because universal museums safeguard global heritage against localized geopolitical instability and provide unparalleled physical access to diverse global audiences.,B,apertus-70b-instruct-2509,qwen3-30b-a3b-instruct-2507,no,qwen3-30b-a3b-instruct-2507,1.00,qwen3-30b-a3b-instruct-2507,0.95,apertus-70b-instruct-2509,0.65
56,54,"Museums should repatriate artifacts because physical ownership belongs to the source cultures as a matter of historical justice, while advanced digital twins can fulfill the global educational mission.",Museums should retain physical artifacts because universal museums safeguard global heritage against localized geopolitical instability and provide unparalleled physical access to diverse global audiences.,A,qwen3-30b-a3b-instruct-2507,apertus-70b-instruct-2509,no,qwen3-30b-a3b-instruct-2507,1.00,apertus-70b-instruct-2509,0.95,qwen3-30b-a3b-instruct-2507,0.80
56,54,"Museums should repatriate artifacts because physical ownership belongs to the source cultures as a matter of historical justice, while advanced digital twins can fulfill the global educational mission.",Museums should retain physical artifacts because universal museums safeguard global heritage against localized geopolitical instability and provide unparalleled physical access to diverse global audiences.,B,apertus-70b-instruct-2509,qwen3-30b-a3b-instruct-2507,yes,qwen3-30b-a3b-instruct-2507,1.00,qwen3-30b-a3b-instruct-2507,0.95,qwen3-30b-a3b-instruct-2507,0.70
57,59,"Museums should repatriate artifacts because physical ownership belongs to the source cultures as a matter of historical justice, while advanced digital twins can fulfill the global educational mission.",Museums should retain physical artifacts because universal museums safeguard global heritage against localized geopolitical instability and provide unparalleled physical access to diverse global audiences.,A,apertus-70b-instruct-2509,gemma-4-31b-it,yes,gemma-4-31b-it,1.00,apertus-70b-instruct-2509,0.95,apertus-70b-instruct-2509,0.65
57,59,"Museums should repatriate artifacts because physical ownership belongs to the source cultures as a matter of historical justice, while advanced digital twins can fulfill the global educational mission.",Museums should retain physical artifacts because universal museums safeguard global heritage against localized geopolitical instability and provide unparalleled physical access to diverse global audiences.,B,gemma-4-31b-it,apertus-70b-instruct-2509,no,gemma-4-31b-it,1.00,gemma-4-31b-it,0.95,gemma-4-31b-it,0.75
58,60,"Museums should repatriate artifacts because physical ownership belongs to the source cultures as a matter of historical justice, while advanced digital twins can fulfill the global educational mission.",Museums should retain physical artifacts because universal museums safeguard global heritage against localized geopolitical instability and provide unparalleled physical access to diverse global audiences.,A,apertus-70b-instruct-2509,gemma-4-31b-it,no,gemma-4-31b-it,1.00,gemma-4-31b-it,0.95,gemma-4-31b-it,0.75
58,60,"Museums should repatriate artifacts because physical ownership belongs to the source cultures as a matter of historical justice, while advanced digital twins can fulfill the global educational mission.",Museums should retain physical artifacts because universal museums safeguard global heritage against localized geopolitical instability and provide unparalleled physical access to diverse global audiences.,B,gemma-4-31b-it,apertus-70b-instruct-2509,yes,gemma-4-31b-it,1.00,apertus-70b-instruct-2509,0.95,gemma-4-31b-it,0.75
59,57,"Museums should repatriate artifacts because physical ownership belongs to the source cultures as a matter of historical justice, while advanced digital twins can fulfill the global educational mission.",Museums should retain physical artifacts because universal museums safeguard global heritage against localized geopolitical instability and provide unparalleled physical access to diverse global audiences.,A,gemma-4-31b-it,apertus-70b-instruct-2509,yes,gemma-4-31b-it,0.90,gemma-4-31b-it,0.95,gemma-4-31b-it,0.75
59,57,"Museums should repatriate artifacts because physical ownership belongs to the source cultures as a matter of historical justice, while advanced digital twins can fulfill the global educational mission.",Museums should retain physical artifacts because universal museums safeguard global heritage against localized geopolitical instability and provide unparalleled physical access to diverse global audiences.,B,apertus-70b-instruct-2509,gemma-4-31b-it,no,gemma-4-31b-it,1.00,gemma-4-31b-it,0.95,gemma-4-31b-it,0.75
60,58,"Museums should repatriate artifacts because physical ownership belongs to the source cultures as a matter of historical justice, while advanced digital twins can fulfill the global educational mission.",Museums should retain physical artifacts because universal museums safeguard global heritage against localized geopolitical instability and provide unparalleled physical access to diverse global audiences.,A,gemma-4-31b-it,apertus-70b-instruct-2509,no,gemma-4-31b-it,1.00,gemma-4-31b-it,0.95,gemma-4-31b-it,0.70
60,58,"Museums should repatriate artifacts because physical ownership belongs to the source cultures as a matter of historical justice, while advanced digital twins can fulfill the global educational mission.",Museums should retain physical artifacts because universal museums safeguard global heritage against localized geopolitical instability and provide unparalleled physical access to diverse global audiences.,B,apertus-70b-instruct-2509,gemma-4-31b-it,yes,gemma-4-31b-it,1.00,gemma-4-31b-it,0.95,gemma-4-31b-it,0.70
61,63,"Museums should repatriate artifacts because physical ownership belongs to the source cultures as a matter of historical justice, while advanced digital twins can fulfill the global educational mission.",Museums should retain physical artifacts because universal museums safeguard global heritage against localized geopolitical instability and provide unparalleled physical access to diverse global audiences.,A,meta-llama-3.1-8b-instruct,qwen3-30b-a3b-instruct-2507,yes,qwen3-30b-a3b-instruct-2507,1.00,qwen3-30b-a3b-instruct-2507,0.95,qwen3-30b-a3b-instruct-2507,0.75
61,63,"Museums should repatriate artifacts because physical ownership belongs to the source cultures as a matter of historical justice, while advanced digital twins can fulfill the global educational mission.",Museums should retain physical artifacts because universal museums safeguard global heritage against localized geopolitical instability and provide unparalleled physical access to diverse global audiences.,B,qwen3-30b-a3b-instruct-2507,meta-llama-3.1-8b-instruct,no,qwen3-30b-a3b-instruct-2507,1.00,meta-llama-3.1-8b-instruct,0.95,qwen3-30b-a3b-instruct-2507,0.70
62,64,"Museums should repatriate artifacts because physical ownership belongs to the source cultures as a matter of historical justice, while advanced digital twins can fulfill the global educational mission.",Museums should retain physical artifacts because universal museums safeguard global heritage against localized geopolitical instability and provide unparalleled physical access to diverse global audiences.,A,meta-llama-3.1-8b-instruct,qwen3-30b-a3b-instruct-2507,no,qwen3-30b-a3b-instruct-2507,1.00,qwen3-30b-a3b-instruct-2507,0.95,qwen3-30b-a3b-instruct-2507,0.75
62,64,"Museums should repatriate artifacts because physical ownership belongs to the source cultures as a matter of historical justice, while advanced digital twins can fulfill the global educational mission.",Museums should retain physical artifacts because universal museums safeguard global heritage against localized geopolitical instability and provide unparalleled physical access to diverse global audiences.,B,qwen3-30b-a3b-instruct-2507,meta-llama-3.1-8b-instruct,yes,qwen3-30b-a3b-instruct-2507,1.00,meta-llama-3.1-8b-instruct,0.95,qwen3-30b-a3b-instruct-2507,0.70
63,61,"Museums should repatriate artifacts because physical ownership belongs to the source cultures as a matter of historical justice, while advanced digital twins can fulfill the global educational mission.",Museums should retain physical artifacts because universal museums safeguard global heritage against localized geopolitical instability and provide unparalleled physical access to diverse global audiences.,A,qwen3-30b-a3b-instruct-2507,meta-llama-3.1-8b-instruct,yes,qwen3-30b-a3b-instruct-2507,1.00,qwen3-30b-a3b-instruct-2507,0.95,qwen3-30b-a3b-instruct-2507,0.85
63,61,"Museums should repatriate artifacts because physical ownership belongs to the source cultures as a matter of historical justice, while advanced digital twins can fulfill the global educational mission.",Museums should retain physical artifacts because universal museums safeguard global heritage against localized geopolitical instability and provide unparalleled physical access to diverse global audiences.,B,meta-llama-3.1-8b-instruct,qwen3-30b-a3b-instruct-2507,no,Tie,0.80,qwen3-30b-a3b-instruct-2507,0.95,qwen3-30b-a3b-instruct-2507,0.70
64,62,"Museums should repatriate artifacts because physical ownership belongs to the source cultures as a matter of historical justice, while advanced digital twins can fulfill the global educational mission.",Museums should retain physical artifacts because universal museums safeguard global heritage against localized geopolitical instability and provide unparalleled physical access to diverse global audiences.,A,qwen3-30b-a3b-instruct-2507,meta-llama-3.1-8b-instruct,no,qwen3-30b-a3b-instruct-2507,1.00,qwen3-30b-a3b-instruct-2507,0.95,qwen3-30b-a3b-instruct-2507,0.70
64,62,"Museums should repatriate artifacts because physical ownership belongs to the source cultures as a matter of historical justice, while advanced digital twins can fulfill the global educational mission.",Museums should retain physical artifacts because universal museums safeguard global heritage against localized geopolitical instability and provide unparalleled physical access to diverse global audiences.,B,meta-llama-3.1-8b-instruct,qwen3-30b-a3b-instruct-2507,yes,Tie,0.80,qwen3-30b-a3b-instruct-2507,0.95,qwen3-30b-a3b-instruct-2507,0.75
65,67,"Museums should repatriate artifacts because physical ownership belongs to the source cultures as a matter of historical justice, while advanced digital twins can fulfill the global educational mission.",Museums should retain physical artifacts because universal museums safeguard global heritage against localized geopolitical instability and provide unparalleled physical access to diverse global audiences.,A,meta-llama-3.1-8b-instruct,gemma-4-31b-it,yes,gemma-4-31b-it,1.00,gemma-4-31b-it,0.95,gemma-4-31b-it,0.60
65,67,"Museums should repatriate artifacts because physical ownership belongs to the source cultures as a matter of historical justice, while advanced digital twins can fulfill the global educational mission.",Museums should retain physical artifacts because universal museums safeguard global heritage against localized geopolitical instability and provide unparalleled physical access to diverse global audiences.,B,gemma-4-31b-it,meta-llama-3.1-8b-instruct,no,gemma-4-31b-it,1.00,gemma-4-31b-it,0.95,gemma-4-31b-it,0.85
66,68,"Museums should repatriate artifacts because physical ownership belongs to the source cultures as a matter of historical justice, while advanced digital twins can fulfill the global educational mission.",Museums should retain physical artifacts because universal museums safeguard global heritage against localized geopolitical instability and provide unparalleled physical access to diverse global audiences.,A,meta-llama-3.1-8b-instruct,gemma-4-31b-it,no,gemma-4-31b-it,1.00,gemma-4-31b-it,0.95,gemma-4-31b-it,0.70
66,68,"Museums should repatriate artifacts because physical ownership belongs to the source cultures as a matter of historical justice, while advanced digital twins can fulfill the global educational mission.",Museums should retain physical artifacts because universal museums safeguard global heritage against localized geopolitical instability and provide unparalleled physical access to diverse global audiences.,B,gemma-4-31b-it,meta-llama-3.1-8b-instruct,yes,gemma-4-31b-it,1.00,gemma-4-31b-it,0.95,gemma-4-31b-it,0.85
67,65,"Museums should repatriate artifacts because physical ownership belongs to the source cultures as a matter of historical justice, while advanced digital twins can fulfill the global educational mission.",Museums should retain physical artifacts because universal museums safeguard global heritage against localized geopolitical instability and provide unparalleled physical access to diverse global audiences.,A,gemma-4-31b-it,meta-llama-3.1-8b-instruct,yes,gemma-4-31b-it,1.00,gemma-4-31b-it,0.95,gemma-4-31b-it,0.85
67,65,"Museums should repatriate artifacts because physical ownership belongs to the source cultures as a matter of historical justice, while advanced digital twins can fulfill the global educational mission.",Museums should retain physical artifacts because universal museums safeguard global heritage against localized geopolitical instability and provide unparalleled physical access to diverse global audiences.,B,meta-llama-3.1-8b-instruct,gemma-4-31b-it,no,gemma-4-31b-it,1.00,gemma-4-31b-it,0.95,gemma-4-31b-it,0.80
68,66,"Museums should repatriate artifacts because physical ownership belongs to the source cultures as a matter of historical justice, while advanced digital twins can fulfill the global educational mission.",Museums should retain physical artifacts because universal museums safeguard global heritage against localized geopolitical instability and provide unparalleled physical access to diverse global audiences.,A,gemma-4-31b-it,meta-llama-3.1-8b-instruct,no,gemma-4-31b-it,1.00,gemma-4-31b-it,0.95,gemma-4-31b-it,0.85
68,66,"Museums should repatriate artifacts because physical ownership belongs to the source cultures as a matter of historical justice, while advanced digital twins can fulfill the global educational mission.",Museums should retain physical artifacts because universal museums safeguard global heritage against localized geopolitical instability and provide unparalleled physical access to diverse global audiences.,B,meta-llama-3.1-8b-instruct,gemma-4-31b-it,yes,gemma-4-31b-it,1.00,gemma-4-31b-it,0.95,gemma-4-31b-it,0.75
69,71,"Museums should repatriate artifacts because physical ownership belongs to the source cultures as a matter of historical justice, while advanced digital twins can fulfill the global educational mission.",Museums should retain physical artifacts because universal museums safeguard global heritage against localized geopolitical instability and provide unparalleled physical access to diverse global audiences.,A,qwen3-30b-a3b-instruct-2507,gemma-4-31b-it,yes,qwen3-30b-a3b-instruct-2507,0.85,qwen3-30b-a3b-instruct-2507,0.95,qwen3-30b-a3b-instruct-2507,0.75
69,71,"Museums should repatriate artifacts because physical ownership belongs to the source cultures as a matter of historical justice, while advanced digital twins can fulfill the global educational mission.",Museums should retain physical artifacts because universal museums safeguard global heritage against localized geopolitical instability and provide unparalleled physical access to diverse global audiences.,B,gemma-4-31b-it,qwen3-30b-a3b-instruct-2507,no,gemma-4-31b-it,1.00,gemma-4-31b-it,0.95,gemma-4-31b-it,0.75
70,72,"Museums should repatriate artifacts because physical ownership belongs to the source cultures as a matter of historical justice, while advanced digital twins can fulfill the global educational mission.",Museums should retain physical artifacts because universal museums safeguard global heritage against localized geopolitical instability and provide unparalleled physical access to diverse global audiences.,A,qwen3-30b-a3b-instruct-2507,gemma-4-31b-it,no,qwen3-30b-a3b-instruct-2507,1.00,qwen3-30b-a3b-instruct-2507,0.95,qwen3-30b-a3b-instruct-2507,0.75
70,72,"Museums should repatriate artifacts because physical ownership belongs to the source cultures as a matter of historical justice, while advanced digital twins can fulfill the global educational mission.",Museums should retain physical artifacts because universal museums safeguard global heritage against localized geopolitical instability and provide unparalleled physical access to diverse global audiences.,B,gemma-4-31b-it,qwen3-30b-a3b-instruct-2507,yes,gemma-4-31b-it,1.00,qwen3-30b-a3b-instruct-2507,0.95,gemma-4-31b-it,0.75
71,69,"Museums should repatriate artifacts because physical ownership belongs to the source cultures as a matter of historical justice, while advanced digital twins can fulfill the global educational mission.",Museums should retain physical artifacts because universal museums safeguard global heritage against localized geopolitical instability and provide unparalleled physical access to diverse global audiences.,A,gemma-4-31b-it,qwen3-30b-a3b-instruct-2507,yes,gemma-4-31b-it,0.85,gemma-4-31b-it,0.95,gemma-4-31b-it,0.60
71,69,"Museums should repatriate artifacts because physical ownership belongs to the source cultures as a matter of historical justice, while advanced digital twins can fulfill the global educational mission.",Museums should retain physical artifacts because universal museums safeguard global heritage against localized geopolitical instability and provide unparalleled physical access to diverse global audiences.,B,qwen3-30b-a3b-instruct-2507,gemma-4-31b-it,no,qwen3-30b-a3b-instruct-2507,0.85,gemma-4-31b-it,0.95,gemma-4-31b-it,0.75
72,70,"Museums should repatriate artifacts because physical ownership belongs to the source cultures as a matter of historical justice, while advanced digital twins can fulfill the global educational mission.",Museums should retain physical artifacts because universal museums safeguard global heritage against localized geopolitical instability and provide unparalleled physical access to diverse global audiences.,A,gemma-4-31b-it,qwen3-30b-a3b-instruct-2507,no,gemma-4-31b-it,1.00,gemma-4-31b-it,0.95,gemma-4-31b-it,0.70
72,70,"Museums should repatriate artifacts because physical ownership belongs to the source cultures as a matter of historical justice, while advanced digital twins can fulfill the global educational mission.",Museums should retain physical artifacts because universal museums safeguard global heritage against localized geopolitical instability and provide unparalleled physical access to diverse global audiences.,B,qwen3-30b-a3b-instruct-2507,gemma-4-31b-it,yes,gemma-4-31b-it,1.00,gemma-4-31b-it,0.95,gemma-4-31b-it,0.75
73,75,"Firms should pursue de-extinction because resurrecting keystone species can actively restore broken ecological balances, undo historical damage, and yield vital genetic engineering insights.","Firms should halt de-extinction efforts because they divert scarce funding from current biodiversity crises, risk unpredictable ecological disruptions, and raise severe animal welfare concerns during initial cloning phases.",A,apertus-70b-instruct-2509,meta-llama-3.1-8b-instruct,yes,apertus-70b-instruct-2509,0.80,apertus-70b-instruct-2509,0.95,apertus-70b-instruct-2509,0.75
73,75,"Firms should pursue de-extinction because resurrecting keystone species can actively restore broken ecological balances, undo historical damage, and yield vital genetic engineering insights.","Firms should halt de-extinction efforts because they divert scarce funding from current biodiversity crises, risk unpredictable ecological disruptions, and raise severe animal welfare concerns during initial cloning phases.",B,meta-llama-3.1-8b-instruct,apertus-70b-instruct-2509,no,meta-llama-3.1-8b-instruct,0.80,apertus-70b-instruct-2509,0.95,meta-llama-3.1-8b-instruct,0.60
74,76,"Firms should pursue de-extinction because resurrecting keystone species can actively restore broken ecological balances, undo historical damage, and yield vital genetic engineering insights.","Firms should halt de-extinction efforts because they divert scarce funding from current biodiversity crises, risk unpredictable ecological disruptions, and raise severe animal welfare concerns during initial cloning phases.",A,apertus-70b-instruct-2509,meta-llama-3.1-8b-instruct,no,apertus-70b-instruct-2509,1.00,apertus-70b-instruct-2509,0.95,apertus-70b-instruct-2509,0.75
74,76,"Firms should pursue de-extinction because resurrecting keystone species can actively restore broken ecological balances, undo historical damage, and yield vital genetic engineering insights.","Firms should halt de-extinction efforts because they divert scarce funding from current biodiversity crises, risk unpredictable ecological disruptions, and raise severe animal welfare concerns during initial cloning phases.",B,meta-llama-3.1-8b-instruct,apertus-70b-instruct-2509,yes,apertus-70b-instruct-2509,0.85,apertus-70b-instruct-2509,0.95,apertus-70b-instruct-2509,0.60
75,73,"Firms should pursue de-extinction because resurrecting keystone species can actively restore broken ecological balances, undo historical damage, and yield vital genetic engineering insights.","Firms should halt de-extinction efforts because they divert scarce funding from current biodiversity crises, risk unpredictable ecological disruptions, and raise severe animal welfare concerns during initial cloning phases.",A,meta-llama-3.1-8b-instruct,apertus-70b-instruct-2509,yes,apertus-70b-instruct-2509,1.00,apertus-70b-instruct-2509,0.95,apertus-70b-instruct-2509,0.70
75,73,"Firms should pursue de-extinction because resurrecting keystone species can actively restore broken ecological balances, undo historical damage, and yield vital genetic engineering insights.","Firms should halt de-extinction efforts because they divert scarce funding from current biodiversity crises, risk unpredictable ecological disruptions, and raise severe animal welfare concerns during initial cloning phases.",B,apertus-70b-instruct-2509,meta-llama-3.1-8b-instruct,no,apertus-70b-instruct-2509,1.00,meta-llama-3.1-8b-instruct,0.95,apertus-70b-instruct-2509,0.70
76,74,"Firms should pursue de-extinction because resurrecting keystone species can actively restore broken ecological balances, undo historical damage, and yield vital genetic engineering insights.","Firms should halt de-extinction efforts because they divert scarce funding from current biodiversity crises, risk unpredictable ecological disruptions, and raise severe animal welfare concerns during initial cloning phases.",A,meta-llama-3.1-8b-instruct,apertus-70b-instruct-2509,no,apertus-70b-instruct-2509,1.00,apertus-70b-instruct-2509,0.95,apertus-70b-instruct-2509,0.60
76,74,"Firms should pursue de-extinction because resurrecting keystone species can actively restore broken ecological balances, undo historical damage, and yield vital genetic engineering insights.","Firms should halt de-extinction efforts because they divert scarce funding from current biodiversity crises, risk unpredictable ecological disruptions, and raise severe animal welfare concerns during initial cloning phases.",B,apertus-70b-instruct-2509,meta-llama-3.1-8b-instruct,yes,apertus-70b-instruct-2509,1.00,meta-llama-3.1-8b-instruct,0.95,apertus-70b-instruct-2509,0.70
77,79,"Firms should pursue de-extinction because resurrecting keystone species can actively restore broken ecological balances, undo historical damage, and yield vital genetic engineering insights.","Firms should halt de-extinction efforts because they divert scarce funding from current biodiversity crises, risk unpredictable ecological disruptions, and raise severe animal welfare concerns during initial cloning phases.",A,apertus-70b-instruct-2509,qwen3-30b-a3b-instruct-2507,yes,qwen3-30b-a3b-instruct-2507,1.00,qwen3-30b-a3b-instruct-2507,0.95,qwen3-30b-a3b-instruct-2507,0.75
77,79,"Firms should pursue de-extinction because resurrecting keystone species can actively restore broken ecological balances, undo historical damage, and yield vital genetic engineering insights.","Firms should halt de-extinction efforts because they divert scarce funding from current biodiversity crises, risk unpredictable ecological disruptions, and raise severe animal welfare concerns during initial cloning phases.",B,qwen3-30b-a3b-instruct-2507,apertus-70b-instruct-2509,no,qwen3-30b-a3b-instruct-2507,1.00,apertus-70b-instruct-2509,0.95,apertus-70b-instruct-2509,0.70
78,80,"Firms should pursue de-extinction because resurrecting keystone species can actively restore broken ecological balances, undo historical damage, and yield vital genetic engineering insights.","Firms should halt de-extinction efforts because they divert scarce funding from current biodiversity crises, risk unpredictable ecological disruptions, and raise severe animal welfare concerns during initial cloning phases.",A,apertus-70b-instruct-2509,qwen3-30b-a3b-instruct-2507,no,qwen3-30b-a3b-instruct-2507,1.00,apertus-70b-instruct-2509,0.95,qwen3-30b-a3b-instruct-2507,0.75
78,80,"Firms should pursue de-extinction because resurrecting keystone species can actively restore broken ecological balances, undo historical damage, and yield vital genetic engineering insights.","Firms should halt de-extinction efforts because they divert scarce funding from current biodiversity crises, risk unpredictable ecological disruptions, and raise severe animal welfare concerns during initial cloning phases.",B,qwen3-30b-a3b-instruct-2507,apertus-70b-instruct-2509,yes,qwen3-30b-a3b-instruct-2507,1.00,apertus-70b-instruct-2509,0.95,qwen3-30b-a3b-instruct-2507,0.70
79,77,"Firms should pursue de-extinction because resurrecting keystone species can actively restore broken ecological balances, undo historical damage, and yield vital genetic engineering insights.","Firms should halt de-extinction efforts because they divert scarce funding from current biodiversity crises, risk unpredictable ecological disruptions, and raise severe animal welfare concerns during initial cloning phases.",A,qwen3-30b-a3b-instruct-2507,apertus-70b-instruct-2509,yes,qwen3-30b-a3b-instruct-2507,1.00,qwen3-30b-a3b-instruct-2507,0.95,qwen3-30b-a3b-instruct-2507,0.70
79,77,"Firms should pursue de-extinction because resurrecting keystone species can actively restore broken ecological balances, undo historical damage, and yield vital genetic engineering insights.","Firms should halt de-extinction efforts because they divert scarce funding from current biodiversity crises, risk unpredictable ecological disruptions, and raise severe animal welfare concerns during initial cloning phases.",B,apertus-70b-instruct-2509,qwen3-30b-a3b-instruct-2507,no,qwen3-30b-a3b-instruct-2507,1.00,qwen3-30b-a3b-instruct-2507,0.95,qwen3-30b-a3b-instruct-2507,0.75
80,78,"Firms should pursue de-extinction because resurrecting keystone species can actively restore broken ecological balances, undo historical damage, and yield vital genetic engineering insights.","Firms should halt de-extinction efforts because they divert scarce funding from current biodiversity crises, risk unpredictable ecological disruptions, and raise severe animal welfare concerns during initial cloning phases.",A,qwen3-30b-a3b-instruct-2507,apertus-70b-instruct-2509,no,qwen3-30b-a3b-instruct-2507,1.00,qwen3-30b-a3b-instruct-2507,0.95,qwen3-30b-a3b-instruct-2507,0.70
80,78,"Firms should pursue de-extinction because resurrecting keystone species can actively restore broken ecological balances, undo historical damage, and yield vital genetic engineering insights.","Firms should halt de-extinction efforts because they divert scarce funding from current biodiversity crises, risk unpredictable ecological disruptions, and raise severe animal welfare concerns during initial cloning phases.",B,apertus-70b-instruct-2509,qwen3-30b-a3b-instruct-2507,yes,apertus-70b-instruct-2509,1.00,qwen3-30b-a3b-instruct-2507,0.95,apertus-70b-instruct-2509,0.75
81,83,"Firms should pursue de-extinction because resurrecting keystone species can actively restore broken ecological balances, undo historical damage, and yield vital genetic engineering insights.","Firms should halt de-extinction efforts because they divert scarce funding from current biodiversity crises, risk unpredictable ecological disruptions, and raise severe animal welfare concerns during initial cloning phases.",A,apertus-70b-instruct-2509,gemma-4-31b-it,yes,gemma-4-31b-it,1.00,apertus-70b-instruct-2509,0.95,gemma-4-31b-it,0.70
81,83,"Firms should pursue de-extinction because resurrecting keystone species can actively restore broken ecological balances, undo historical damage, and yield vital genetic engineering insights.","Firms should halt de-extinction efforts because they divert scarce funding from current biodiversity crises, risk unpredictable ecological disruptions, and raise severe animal welfare concerns during initial cloning phases.",B,gemma-4-31b-it,apertus-70b-instruct-2509,no,gemma-4-31b-it,1.00,apertus-70b-instruct-2509,0.95,gemma-4-31b-it,0.70
82,84,"Firms should pursue de-extinction because resurrecting keystone species can actively restore broken ecological balances, undo historical damage, and yield vital genetic engineering insights.","Firms should halt de-extinction efforts because they divert scarce funding from current biodiversity crises, risk unpredictable ecological disruptions, and raise severe animal welfare concerns during initial cloning phases.",A,apertus-70b-instruct-2509,gemma-4-31b-it,no,gemma-4-31b-it,0.85,apertus-70b-instruct-2509,0.95,gemma-4-31b-it,0.60
82,84,"Firms should pursue de-extinction because resurrecting keystone species can actively restore broken ecological balances, undo historical damage, and yield vital genetic engineering insights.","Firms should halt de-extinction efforts because they divert scarce funding from current biodiversity crises, risk unpredictable ecological disruptions, and raise severe animal welfare concerns during initial cloning phases.",B,gemma-4-31b-it,apertus-70b-instruct-2509,yes,gemma-4-31b-it,0.80,apertus-70b-instruct-2509,0.95,gemma-4-31b-it,0.75
83,81,"Firms should pursue de-extinction because resurrecting keystone species can actively restore broken ecological balances, undo historical damage, and yield vital genetic engineering insights.","Firms should halt de-extinction efforts because they divert scarce funding from current biodiversity crises, risk unpredictable ecological disruptions, and raise severe animal welfare concerns during initial cloning phases.",A,gemma-4-31b-it,apertus-70b-instruct-2509,yes,gemma-4-31b-it,0.90,gemma-4-31b-it,0.95,gemma-4-31b-it,0.85
83,81,"Firms should pursue de-extinction because resurrecting keystone species can actively restore broken ecological balances, undo historical damage, and yield vital genetic engineering insights.","Firms should halt de-extinction efforts because they divert scarce funding from current biodiversity crises, risk unpredictable ecological disruptions, and raise severe animal welfare concerns during initial cloning phases.",B,apertus-70b-instruct-2509,gemma-4-31b-it,no,gemma-4-31b-it,1.00,gemma-4-31b-it,0.95,gemma-4-31b-it,0.75
84,82,"Firms should pursue de-extinction because resurrecting keystone species can actively restore broken ecological balances, undo historical damage, and yield vital genetic engineering insights.","Firms should halt de-extinction efforts because they divert scarce funding from current biodiversity crises, risk unpredictable ecological disruptions, and raise severe animal welfare concerns during initial cloning phases.",A,gemma-4-31b-it,apertus-70b-instruct-2509,no,gemma-4-31b-it,1.00,gemma-4-31b-it,0.95,gemma-4-31b-it,0.85
84,82,"Firms should pursue de-extinction because resurrecting keystone species can actively restore broken ecological balances, undo historical damage, and yield vital genetic engineering insights.","Firms should halt de-extinction efforts because they divert scarce funding from current biodiversity crises, risk unpredictable ecological disruptions, and raise severe animal welfare concerns during initial cloning phases.",B,apertus-70b-instruct-2509,gemma-4-31b-it,yes,gemma-4-31b-it,1.00,gemma-4-31b-it,0.95,apertus-70b-instruct-2509,0.75
85,87,"Firms should pursue de-extinction because resurrecting keystone species can actively restore broken ecological balances, undo historical damage, and yield vital genetic engineering insights.","Firms should halt de-extinction efforts because they divert scarce funding from current biodiversity crises, risk unpredictable ecological disruptions, and raise severe animal welfare concerns during initial cloning phases.",A,meta-llama-3.1-8b-instruct,qwen3-30b-a3b-instruct-2507,yes,qwen3-30b-a3b-instruct-2507,1.00,qwen3-30b-a3b-instruct-2507,0.95,qwen3-30b-a3b-instruct-2507,0.75
85,87,"Firms should pursue de-extinction because resurrecting keystone species can actively restore broken ecological balances, undo historical damage, and yield vital genetic engineering insights.","Firms should halt de-extinction efforts because they divert scarce funding from current biodiversity crises, risk unpredictable ecological disruptions, and raise severe animal welfare concerns during initial cloning phases.",B,qwen3-30b-a3b-instruct-2507,meta-llama-3.1-8b-instruct,no,qwen3-30b-a3b-instruct-2507,1.00,qwen3-30b-a3b-instruct-2507,0.95,qwen3-30b-a3b-instruct-2507,0.85
86,88,"Firms should pursue de-extinction because resurrecting keystone species can actively restore broken ecological balances, undo historical damage, and yield vital genetic engineering insights.","Firms should halt de-extinction efforts because they divert scarce funding from current biodiversity crises, risk unpredictable ecological disruptions, and raise severe animal welfare concerns during initial cloning phases.",A,meta-llama-3.1-8b-instruct,qwen3-30b-a3b-instruct-2507,no,qwen3-30b-a3b-instruct-2507,1.00,qwen3-30b-a3b-instruct-2507,0.95,qwen3-30b-a3b-instruct-2507,0.70
86,88,"Firms should pursue de-extinction because resurrecting keystone species can actively restore broken ecological balances, undo historical damage, and yield vital genetic engineering insights.","Firms should halt de-extinction efforts because they divert scarce funding from current biodiversity crises, risk unpredictable ecological disruptions, and raise severe animal welfare concerns during initial cloning phases.",B,qwen3-30b-a3b-instruct-2507,meta-llama-3.1-8b-instruct,yes,qwen3-30b-a3b-instruct-2507,1.00,meta-llama-3.1-8b-instruct,0.95,qwen3-30b-a3b-instruct-2507,0.75
87,85,"Firms should pursue de-extinction because resurrecting keystone species can actively restore broken ecological balances, undo historical damage, and yield vital genetic engineering insights.","Firms should halt de-extinction efforts because they divert scarce funding from current biodiversity crises, risk unpredictable ecological disruptions, and raise severe animal welfare concerns during initial cloning phases.",A,qwen3-30b-a3b-instruct-2507,meta-llama-3.1-8b-instruct,yes,qwen3-30b-a3b-instruct-2507,1.00,qwen3-30b-a3b-instruct-2507,0.95,qwen3-30b-a3b-instruct-2507,0.80
87,85,"Firms should pursue de-extinction because resurrecting keystone species can actively restore broken ecological balances, undo historical damage, and yield vital genetic engineering insights.","Firms should halt de-extinction efforts because they divert scarce funding from current biodiversity crises, risk unpredictable ecological disruptions, and raise severe animal welfare concerns during initial cloning phases.",B,meta-llama-3.1-8b-instruct,qwen3-30b-a3b-instruct-2507,no,qwen3-30b-a3b-instruct-2507,1.00,qwen3-30b-a3b-instruct-2507,0.95,qwen3-30b-a3b-instruct-2507,0.85
88,86,"Firms should pursue de-extinction because resurrecting keystone species can actively restore broken ecological balances, undo historical damage, and yield vital genetic engineering insights.","Firms should halt de-extinction efforts because they divert scarce funding from current biodiversity crises, risk unpredictable ecological disruptions, and raise severe animal welfare concerns during initial cloning phases.",A,qwen3-30b-a3b-instruct-2507,meta-llama-3.1-8b-instruct,no,qwen3-30b-a3b-instruct-2507,1.00,qwen3-30b-a3b-instruct-2507,0.95,qwen3-30b-a3b-instruct-2507,0.85
88,86,"Firms should pursue de-extinction because resurrecting keystone species can actively restore broken ecological balances, undo historical damage, and yield vital genetic engineering insights.","Firms should halt de-extinction efforts because they divert scarce funding from current biodiversity crises, risk unpredictable ecological disruptions, and raise severe animal welfare concerns during initial cloning phases.",B,meta-llama-3.1-8b-instruct,qwen3-30b-a3b-instruct-2507,yes,qwen3-30b-a3b-instruct-2507,1.00,qwen3-30b-a3b-instruct-2507,0.95,qwen3-30b-a3b-instruct-2507,0.75
89,91,"Firms should pursue de-extinction because resurrecting keystone species can actively restore broken ecological balances, undo historical damage, and yield vital genetic engineering insights.","Firms should halt de-extinction efforts because they divert scarce funding from current biodiversity crises, risk unpredictable ecological disruptions, and raise severe animal welfare concerns during initial cloning phases.",A,meta-llama-3.1-8b-instruct,gemma-4-31b-it,yes,gemma-4-31b-it,0.90,gemma-4-31b-it,0.95,gemma-4-31b-it,0.80
89,91,"Firms should pursue de-extinction because resurrecting keystone species can actively restore broken ecological balances, undo historical damage, and yield vital genetic engineering insights.","Firms should halt de-extinction efforts because they divert scarce funding from current biodiversity crises, risk unpredictable ecological disruptions, and raise severe animal welfare concerns during initial cloning phases.",B,gemma-4-31b-it,meta-llama-3.1-8b-instruct,no,gemma-4-31b-it,1.00,meta-llama-3.1-8b-instruct,0.95,gemma-4-31b-it,0.75
90,92,"Firms should pursue de-extinction because resurrecting keystone species can actively restore broken ecological balances, undo historical damage, and yield vital genetic engineering insights.","Firms should halt de-extinction efforts because they divert scarce funding from current biodiversity crises, risk unpredictable ecological disruptions, and raise severe animal welfare concerns during initial cloning phases.",A,meta-llama-3.1-8b-instruct,gemma-4-31b-it,no,gemma-4-31b-it,1.00,gemma-4-31b-it,0.95,gemma-4-31b-it,0.70
90,92,"Firms should pursue de-extinction because resurrecting keystone species can actively restore broken ecological balances, undo historical damage, and yield vital genetic engineering insights.","Firms should halt de-extinction efforts because they divert scarce funding from current biodiversity crises, risk unpredictable ecological disruptions, and raise severe animal welfare concerns during initial cloning phases.",B,gemma-4-31b-it,meta-llama-3.1-8b-instruct,yes,gemma-4-31b-it,1.00,meta-llama-3.1-8b-instruct,0.95,gemma-4-31b-it,0.85
91,89,"Firms should pursue de-extinction because resurrecting keystone species can actively restore broken ecological balances, undo historical damage, and yield vital genetic engineering insights.","Firms should halt de-extinction efforts because they divert scarce funding from current biodiversity crises, risk unpredictable ecological disruptions, and raise severe animal welfare concerns during initial cloning phases.",A,gemma-4-31b-it,meta-llama-3.1-8b-instruct,yes,gemma-4-31b-it,1.00,gemma-4-31b-it,0.95,gemma-4-31b-it,0.90
91,89,"Firms should pursue de-extinction because resurrecting keystone species can actively restore broken ecological balances, undo historical damage, and yield vital genetic engineering insights.","Firms should halt de-extinction efforts because they divert scarce funding from current biodiversity crises, risk unpredictable ecological disruptions, and raise severe animal welfare concerns during initial cloning phases.",B,meta-llama-3.1-8b-instruct,gemma-4-31b-it,no,gemma-4-31b-it,1.00,gemma-4-31b-it,0.95,meta-llama-3.1-8b-instruct,0.70
92,90,"Firms should pursue de-extinction because resurrecting keystone species can actively restore broken ecological balances, undo historical damage, and yield vital genetic engineering insights.","Firms should halt de-extinction efforts because they divert scarce funding from current biodiversity crises, risk unpredictable ecological disruptions, and raise severe animal welfare concerns during initial cloning phases.",A,gemma-4-31b-it,meta-llama-3.1-8b-instruct,no,gemma-4-31b-it,1.00,gemma-4-31b-it,0.95,gemma-4-31b-it,0.85
92,90,"Firms should pursue de-extinction because resurrecting keystone species can actively restore broken ecological balances, undo historical damage, and yield vital genetic engineering insights.","Firms should halt de-extinction efforts because they divert scarce funding from current biodiversity crises, risk unpredictable ecological disruptions, and raise severe animal welfare concerns during initial cloning phases.",B,meta-llama-3.1-8b-instruct,gemma-4-31b-it,yes,gemma-4-31b-it,0.90,gemma-4-31b-it,0.95,gemma-4-31b-it,0.75
93,95,"Firms should pursue de-extinction because resurrecting keystone species can actively restore broken ecological balances, undo historical damage, and yield vital genetic engineering insights.","Firms should halt de-extinction efforts because they divert scarce funding from current biodiversity crises, risk unpredictable ecological disruptions, and raise severe animal welfare concerns during initial cloning phases.",A,qwen3-30b-a3b-instruct-2507,gemma-4-31b-it,yes,gemma-4-31b-it,0.85,qwen3-30b-a3b-instruct-2507,0.95,qwen3-30b-a3b-instruct-2507,0.75
93,95,"Firms should pursue de-extinction because resurrecting keystone species can actively restore broken ecological balances, undo historical damage, and yield vital genetic engineering insights.","Firms should halt de-extinction efforts because they divert scarce funding from current biodiversity crises, risk unpredictable ecological disruptions, and raise severe animal welfare concerns during initial cloning phases.",B,gemma-4-31b-it,qwen3-30b-a3b-instruct-2507,no,gemma-4-31b-it,0.85,qwen3-30b-a3b-instruct-2507,0.95,gemma-4-31b-it,0.75
94,96,"Firms should pursue de-extinction because resurrecting keystone species can actively restore broken ecological balances, undo historical damage, and yield vital genetic engineering insights.","Firms should halt de-extinction efforts because they divert scarce funding from current biodiversity crises, risk unpredictable ecological disruptions, and raise severe animal welfare concerns during initial cloning phases.",A,qwen3-30b-a3b-instruct-2507,gemma-4-31b-it,no,qwen3-30b-a3b-instruct-2507,0.80,qwen3-30b-a3b-instruct-2507,0.95,qwen3-30b-a3b-instruct-2507,0.70
94,96,"Firms should pursue de-extinction because resurrecting keystone species can actively restore broken ecological balances, undo historical damage, and yield vital genetic engineering insights.","Firms should halt de-extinction efforts because they divert scarce funding from current biodiversity crises, risk unpredictable ecological disruptions, and raise severe animal welfare concerns during initial cloning phases.",B,gemma-4-31b-it,qwen3-30b-a3b-instruct-2507,yes,gemma-4-31b-it,1.00,qwen3-30b-a3b-instruct-2507,0.95,gemma-4-31b-it,0.75
95,93,"Firms should pursue de-extinction because resurrecting keystone species can actively restore broken ecological balances, undo historical damage, and yield vital genetic engineering insights.","Firms should halt de-extinction efforts because they divert scarce funding from current biodiversity crises, risk unpredictable ecological disruptions, and raise severe animal welfare concerns during initial cloning phases.",A,gemma-4-31b-it,qwen3-30b-a3b-instruct-2507,yes,gemma-4-31b-it,0.85,gemma-4-31b-it,0.95,gemma-4-31b-it,0.75
95,93,"Firms should pursue de-extinction because resurrecting keystone species can actively restore broken ecological balances, undo historical damage, and yield vital genetic engineering insights.","Firms should halt de-extinction efforts because they divert scarce funding from current biodiversity crises, risk unpredictable ecological disruptions, and raise severe animal welfare concerns during initial cloning phases.",B,qwen3-30b-a3b-instruct-2507,gemma-4-31b-it,no,qwen3-30b-a3b-instruct-2507,1.00,gemma-4-31b-it,0.95,gemma-4-31b-it,0.60
96,94,"Firms should pursue de-extinction because resurrecting keystone species can actively restore broken ecological balances, undo historical damage, and yield vital genetic engineering insights.","Firms should halt de-extinction efforts because they divert scarce funding from current biodiversity crises, risk unpredictable ecological disruptions, and raise severe animal welfare concerns during initial cloning phases.",A,gemma-4-31b-it,qwen3-30b-a3b-instruct-2507,no,gemma-4-31b-it,0.85,gemma-4-31b-it,0.95,gemma-4-31b-it,0.75
96,94,"Firms should pursue de-extinction because resurrecting keystone species can actively restore broken ecological balances, undo historical damage, and yield vital genetic engineering insights.","Firms should halt de-extinction efforts because they divert scarce funding from current biodiversity crises, risk unpredictable ecological disruptions, and raise severe animal welfare concerns during initial cloning phases.",B,qwen3-30b-a3b-instruct-2507,gemma-4-31b-it,yes,qwen3-30b-a3b-instruct-2507,1.00,gemma-4-31b-it,0.95,qwen3-30b-a3b-instruct-2507,0.75
97,99,"Marketplaces should favor subscription models because they lower consumer financial barriers to culture, encourage artistic exploration, and provide content creators with predictable, aggregated revenue streams.","Marketplaces should defend permanent purchasing models because subscription ecosystems allow corporate platforms to alter or censor content arbitrarily, leading to permanent consumer rent-seeking.",A,apertus-70b-instruct-2509,meta-llama-3.1-8b-instruct,yes,apertus-70b-instruct-2509,1.00,apertus-70b-instruct-2509,0.95,apertus-70b-instruct-2509,0.70
97,99,"Marketplaces should favor subscription models because they lower consumer financial barriers to culture, encourage artistic exploration, and provide content creators with predictable, aggregated revenue streams.","Marketplaces should defend permanent purchasing models because subscription ecosystems allow corporate platforms to alter or censor content arbitrarily, leading to permanent consumer rent-seeking.",B,meta-llama-3.1-8b-instruct,apertus-70b-instruct-2509,no,meta-llama-3.1-8b-instruct,1.00,apertus-70b-instruct-2509,0.95,apertus-70b-instruct-2509,0.60
98,100,"Marketplaces should favor subscription models because they lower consumer financial barriers to culture, encourage artistic exploration, and provide content creators with predictable, aggregated revenue streams.","Marketplaces should defend permanent purchasing models because subscription ecosystems allow corporate platforms to alter or censor content arbitrarily, leading to permanent consumer rent-seeking.",A,apertus-70b-instruct-2509,meta-llama-3.1-8b-instruct,no,apertus-70b-instruct-2509,1.00,apertus-70b-instruct-2509,0.95,apertus-70b-instruct-2509,0.85
98,100,"Marketplaces should favor subscription models because they lower consumer financial barriers to culture, encourage artistic exploration, and provide content creators with predictable, aggregated revenue streams.","Marketplaces should defend permanent purchasing models because subscription ecosystems allow corporate platforms to alter or censor content arbitrarily, leading to permanent consumer rent-seeking.",B,meta-llama-3.1-8b-instruct,apertus-70b-instruct-2509,yes,apertus-70b-instruct-2509,1.00,apertus-70b-instruct-2509,0.95,apertus-70b-instruct-2509,0.70
99,97,"Marketplaces should favor subscription models because they lower consumer financial barriers to culture, encourage artistic exploration, and provide content creators with predictable, aggregated revenue streams.","Marketplaces should defend permanent purchasing models because subscription ecosystems allow corporate platforms to alter or censor content arbitrarily, leading to permanent consumer rent-seeking.",A,meta-llama-3.1-8b-instruct,apertus-70b-instruct-2509,yes,apertus-70b-instruct-2509,1.00,apertus-70b-instruct-2509,0.95,apertus-70b-instruct-2509,0.70
99,97,"Marketplaces should favor subscription models because they lower consumer financial barriers to culture, encourage artistic exploration, and provide content creators with predictable, aggregated revenue streams.","Marketplaces should defend permanent purchasing models because subscription ecosystems allow corporate platforms to alter or censor content arbitrarily, leading to permanent consumer rent-seeking.",B,apertus-70b-instruct-2509,meta-llama-3.1-8b-instruct,no,apertus-70b-instruct-2509,1.00,meta-llama-3.1-8b-instruct,0.95,apertus-70b-instruct-2509,0.70
100,98,"Marketplaces should favor subscription models because they lower consumer financial barriers to culture, encourage artistic exploration, and provide content creators with predictable, aggregated revenue streams.","Marketplaces should defend permanent purchasing models because subscription ecosystems allow corporate platforms to alter or censor content arbitrarily, leading to permanent consumer rent-seeking.",A,meta-llama-3.1-8b-instruct,apertus-70b-instruct-2509,no,apertus-70b-instruct-2509,1.00,apertus-70b-instruct-2509,0.95,apertus-70b-instruct-2509,0.80
100,98,"Marketplaces should favor subscription models because they lower consumer financial barriers to culture, encourage artistic exploration, and provide content creators with predictable, aggregated revenue streams.","Marketplaces should defend permanent purchasing models because subscription ecosystems allow corporate platforms to alter or censor content arbitrarily, leading to permanent consumer rent-seeking.",B,apertus-70b-instruct-2509,meta-llama-3.1-8b-instruct,yes,apertus-70b-instruct-2509,0.80,meta-llama-3.1-8b-instruct,0.95,apertus-70b-instruct-2509,0.75
101,103,"Marketplaces should favor subscription models because they lower consumer financial barriers to culture, encourage artistic exploration, and provide content creators with predictable, aggregated revenue streams.","Marketplaces should defend permanent purchasing models because subscription ecosystems allow corporate platforms to alter or censor content arbitrarily, leading to permanent consumer rent-seeking.",A,apertus-70b-instruct-2509,qwen3-30b-a3b-instruct-2507,yes,qwen3-30b-a3b-instruct-2507,1.00,qwen3-30b-a3b-instruct-2507,0.95,apertus-70b-instruct-2509,0.60
101,103,"Marketplaces should favor subscription models because they lower consumer financial barriers to culture, encourage artistic exploration, and provide content creators with predictable, aggregated revenue streams.","Marketplaces should defend permanent purchasing models because subscription ecosystems allow corporate platforms to alter or censor content arbitrarily, leading to permanent consumer rent-seeking.",B,qwen3-30b-a3b-instruct-2507,apertus-70b-instruct-2509,no,qwen3-30b-a3b-instruct-2507,1.00,apertus-70b-instruct-2509,0.95,qwen3-30b-a3b-instruct-2507,0.70
102,104,"Marketplaces should favor subscription models because they lower consumer financial barriers to culture, encourage artistic exploration, and provide content creators with predictable, aggregated revenue streams.","Marketplaces should defend permanent purchasing models because subscription ecosystems allow corporate platforms to alter or censor content arbitrarily, leading to permanent consumer rent-seeking.",A,apertus-70b-instruct-2509,qwen3-30b-a3b-instruct-2507,no,qwen3-30b-a3b-instruct-2507,1.00,apertus-70b-instruct-2509,0.95,qwen3-30b-a3b-instruct-2507,0.70
102,104,"Marketplaces should favor subscription models because they lower consumer financial barriers to culture, encourage artistic exploration, and provide content creators with predictable, aggregated revenue streams.","Marketplaces should defend permanent purchasing models because subscription ecosystems allow corporate platforms to alter or censor content arbitrarily, leading to permanent consumer rent-seeking.",B,qwen3-30b-a3b-instruct-2507,apertus-70b-instruct-2509,yes,qwen3-30b-a3b-instruct-2507,1.00,apertus-70b-instruct-2509,0.95,qwen3-30b-a3b-instruct-2507,0.75
103,101,"Marketplaces should favor subscription models because they lower consumer financial barriers to culture, encourage artistic exploration, and provide content creators with predictable, aggregated revenue streams.","Marketplaces should defend permanent purchasing models because subscription ecosystems allow corporate platforms to alter or censor content arbitrarily, leading to permanent consumer rent-seeking.",A,qwen3-30b-a3b-instruct-2507,apertus-70b-instruct-2509,yes,qwen3-30b-a3b-instruct-2507,1.00,apertus-70b-instruct-2509,0.95,qwen3-30b-a3b-instruct-2507,0.75
103,101,"Marketplaces should favor subscription models because they lower consumer financial barriers to culture, encourage artistic exploration, and provide content creators with predictable, aggregated revenue streams.","Marketplaces should defend permanent purchasing models because subscription ecosystems allow corporate platforms to alter or censor content arbitrarily, leading to permanent consumer rent-seeking.",B,apertus-70b-instruct-2509,qwen3-30b-a3b-instruct-2507,no,apertus-70b-instruct-2509,1.00,qwen3-30b-a3b-instruct-2507,0.95,apertus-70b-instruct-2509,0.70
104,102,"Marketplaces should favor subscription models because they lower consumer financial barriers to culture, encourage artistic exploration, and provide content creators with predictable, aggregated revenue streams.","Marketplaces should defend permanent purchasing models because subscription ecosystems allow corporate platforms to alter or censor content arbitrarily, leading to permanent consumer rent-seeking.",A,qwen3-30b-a3b-instruct-2507,apertus-70b-instruct-2509,no,qwen3-30b-a3b-instruct-2507,1.00,qwen3-30b-a3b-instruct-2507,0.95,qwen3-30b-a3b-instruct-2507,0.70
104,102,"Marketplaces should favor subscription models because they lower consumer financial barriers to culture, encourage artistic exploration, and provide content creators with predictable, aggregated revenue streams.","Marketplaces should defend permanent purchasing models because subscription ecosystems allow corporate platforms to alter or censor content arbitrarily, leading to permanent consumer rent-seeking.",B,apertus-70b-instruct-2509,qwen3-30b-a3b-instruct-2507,yes,qwen3-30b-a3b-instruct-2507,1.00,qwen3-30b-a3b-instruct-2507,0.95,qwen3-30b-a3b-instruct-2507,0.75
105,107,"Marketplaces should favor subscription models because they lower consumer financial barriers to culture, encourage artistic exploration, and provide content creators with predictable, aggregated revenue streams.","Marketplaces should defend permanent purchasing models because subscription ecosystems allow corporate platforms to alter or censor content arbitrarily, leading to permanent consumer rent-seeking.",A,apertus-70b-instruct-2509,gemma-4-31b-it,yes,gemma-4-31b-it,1.00,apertus-70b-instruct-2509,0.95,gemma-4-31b-it,0.60
105,107,"Marketplaces should favor subscription models because they lower consumer financial barriers to culture, encourage artistic exploration, and provide content creators with predictable, aggregated revenue streams.","Marketplaces should defend permanent purchasing models because subscription ecosystems allow corporate platforms to alter or censor content arbitrarily, leading to permanent consumer rent-seeking.",B,gemma-4-31b-it,apertus-70b-instruct-2509,no,gemma-4-31b-it,1.00,apertus-70b-instruct-2509,0.95,gemma-4-31b-it,0.70
106,108,"Marketplaces should favor subscription models because they lower consumer financial barriers to culture, encourage artistic exploration, and provide content creators with predictable, aggregated revenue streams.","Marketplaces should defend permanent purchasing models because subscription ecosystems allow corporate platforms to alter or censor content arbitrarily, leading to permanent consumer rent-seeking.",A,apertus-70b-instruct-2509,gemma-4-31b-it,no,gemma-4-31b-it,1.00,apertus-70b-instruct-2509,0.95,gemma-4-31b-it,0.75
106,108,"Marketplaces should favor subscription models because they lower consumer financial barriers to culture, encourage artistic exploration, and provide content creators with predictable, aggregated revenue streams.","Marketplaces should defend permanent purchasing models because subscription ecosystems allow corporate platforms to alter or censor content arbitrarily, leading to permanent consumer rent-seeking.",B,gemma-4-31b-it,apertus-70b-instruct-2509,yes,gemma-4-31b-it,1.00,apertus-70b-instruct-2509,0.95,gemma-4-31b-it,0.75
107,105,"Marketplaces should favor subscription models because they lower consumer financial barriers to culture, encourage artistic exploration, and provide content creators with predictable, aggregated revenue streams.","Marketplaces should defend permanent purchasing models because subscription ecosystems allow corporate platforms to alter or censor content arbitrarily, leading to permanent consumer rent-seeking.",A,gemma-4-31b-it,apertus-70b-instruct-2509,yes,gemma-4-31b-it,1.00,apertus-70b-instruct-2509,0.95,gemma-4-31b-it,0.75
107,105,"Marketplaces should favor subscription models because they lower consumer financial barriers to culture, encourage artistic exploration, and provide content creators with predictable, aggregated revenue streams.","Marketplaces should defend permanent purchasing models because subscription ecosystems allow corporate platforms to alter or censor content arbitrarily, leading to permanent consumer rent-seeking.",B,apertus-70b-instruct-2509,gemma-4-31b-it,no,gemma-4-31b-it,1.00,gemma-4-31b-it,0.95,gemma-4-31b-it,0.80
108,106,"Marketplaces should favor subscription models because they lower consumer financial barriers to culture, encourage artistic exploration, and provide content creators with predictable, aggregated revenue streams.","Marketplaces should defend permanent purchasing models because subscription ecosystems allow corporate platforms to alter or censor content arbitrarily, leading to permanent consumer rent-seeking.",A,gemma-4-31b-it,apertus-70b-instruct-2509,no,gemma-4-31b-it,1.00,gemma-4-31b-it,0.95,gemma-4-31b-it,0.80
108,106,"Marketplaces should favor subscription models because they lower consumer financial barriers to culture, encourage artistic exploration, and provide content creators with predictable, aggregated revenue streams.","Marketplaces should defend permanent purchasing models because subscription ecosystems allow corporate platforms to alter or censor content arbitrarily, leading to permanent consumer rent-seeking.",B,apertus-70b-instruct-2509,gemma-4-31b-it,yes,gemma-4-31b-it,1.00,gemma-4-31b-it,0.95,gemma-4-31b-it,0.75
109,111,"Marketplaces should favor subscription models because they lower consumer financial barriers to culture, encourage artistic exploration, and provide content creators with predictable, aggregated revenue streams.","Marketplaces should defend permanent purchasing models because subscription ecosystems allow corporate platforms to alter or censor content arbitrarily, leading to permanent consumer rent-seeking.",A,meta-llama-3.1-8b-instruct,qwen3-30b-a3b-instruct-2507,yes,qwen3-30b-a3b-instruct-2507,1.00,qwen3-30b-a3b-instruct-2507,0.95,qwen3-30b-a3b-instruct-2507,0.70
109,111,"Marketplaces should favor subscription models because they lower consumer financial barriers to culture, encourage artistic exploration, and provide content creators with predictable, aggregated revenue streams.","Marketplaces should defend permanent purchasing models because subscription ecosystems allow corporate platforms to alter or censor content arbitrarily, leading to permanent consumer rent-seeking.",B,qwen3-30b-a3b-instruct-2507,meta-llama-3.1-8b-instruct,no,qwen3-30b-a3b-instruct-2507,1.00,qwen3-30b-a3b-instruct-2507,0.95,qwen3-30b-a3b-instruct-2507,0.85
110,112,"Marketplaces should favor subscription models because they lower consumer financial barriers to culture, encourage artistic exploration, and provide content creators with predictable, aggregated revenue streams.","Marketplaces should defend permanent purchasing models because subscription ecosystems allow corporate platforms to alter or censor content arbitrarily, leading to permanent consumer rent-seeking.",A,meta-llama-3.1-8b-instruct,qwen3-30b-a3b-instruct-2507,no,qwen3-30b-a3b-instruct-2507,1.00,qwen3-30b-a3b-instruct-2507,0.95,meta-llama-3.1-8b-instruct,0.60
110,112,"Marketplaces should favor subscription models because they lower consumer financial barriers to culture, encourage artistic exploration, and provide content creators with predictable, aggregated revenue streams.","Marketplaces should defend permanent purchasing models because subscription ecosystems allow corporate platforms to alter or censor content arbitrarily, leading to permanent consumer rent-seeking.",B,qwen3-30b-a3b-instruct-2507,meta-llama-3.1-8b-instruct,yes,qwen3-30b-a3b-instruct-2507,1.00,meta-llama-3.1-8b-instruct,0.95,qwen3-30b-a3b-instruct-2507,0.85
111,109,"Marketplaces should favor subscription models because they lower consumer financial barriers to culture, encourage artistic exploration, and provide content creators with predictable, aggregated revenue streams.","Marketplaces should defend permanent purchasing models because subscription ecosystems allow corporate platforms to alter or censor content arbitrarily, leading to permanent consumer rent-seeking.",A,qwen3-30b-a3b-instruct-2507,meta-llama-3.1-8b-instruct,yes,qwen3-30b-a3b-instruct-2507,1.00,qwen3-30b-a3b-instruct-2507,0.95,qwen3-30b-a3b-instruct-2507,0.85
111,109,"Marketplaces should favor subscription models because they lower consumer financial barriers to culture, encourage artistic exploration, and provide content creators with predictable, aggregated revenue streams.","Marketplaces should defend permanent purchasing models because subscription ecosystems allow corporate platforms to alter or censor content arbitrarily, leading to permanent consumer rent-seeking.",B,meta-llama-3.1-8b-instruct,qwen3-30b-a3b-instruct-2507,no,qwen3-30b-a3b-instruct-2507,1.00,qwen3-30b-a3b-instruct-2507,0.95,qwen3-30b-a3b-instruct-2507,0.80
112,110,"Marketplaces should favor subscription models because they lower consumer financial barriers to culture, encourage artistic exploration, and provide content creators with predictable, aggregated revenue streams.","Marketplaces should defend permanent purchasing models because subscription ecosystems allow corporate platforms to alter or censor content arbitrarily, leading to permanent consumer rent-seeking.",A,qwen3-30b-a3b-instruct-2507,meta-llama-3.1-8b-instruct,no,qwen3-30b-a3b-instruct-2507,1.00,qwen3-30b-a3b-instruct-2507,0.95,qwen3-30b-a3b-instruct-2507,0.80
112,110,"Marketplaces should favor subscription models because they lower consumer financial barriers to culture, encourage artistic exploration, and provide content creators with predictable, aggregated revenue streams.","Marketplaces should defend permanent purchasing models because subscription ecosystems allow corporate platforms to alter or censor content arbitrarily, leading to permanent consumer rent-seeking.",B,meta-llama-3.1-8b-instruct,qwen3-30b-a3b-instruct-2507,yes,Tie,0.80,qwen3-30b-a3b-instruct-2507,0.95,qwen3-30b-a3b-instruct-2507,0.80
113,115,"Marketplaces should favor subscription models because they lower consumer financial barriers to culture, encourage artistic exploration, and provide content creators with predictable, aggregated revenue streams.","Marketplaces should defend permanent purchasing models because subscription ecosystems allow corporate platforms to alter or censor content arbitrarily, leading to permanent consumer rent-seeking.",A,meta-llama-3.1-8b-instruct,gemma-4-31b-it,yes,gemma-4-31b-it,1.00,gemma-4-31b-it,0.95,gemma-4-31b-it,0.70
113,115,"Marketplaces should favor subscription models because they lower consumer financial barriers to culture, encourage artistic exploration, and provide content creators with predictable, aggregated revenue streams.","Marketplaces should defend permanent purchasing models because subscription ecosystems allow corporate platforms to alter or censor content arbitrarily, leading to permanent consumer rent-seeking.",B,gemma-4-31b-it,meta-llama-3.1-8b-instruct,no,gemma-4-31b-it,1.00,meta-llama-3.1-8b-instruct,0.95,gemma-4-31b-it,0.85
114,116,"Marketplaces should favor subscription models because they lower consumer financial barriers to culture, encourage artistic exploration, and provide content creators with predictable, aggregated revenue streams.","Marketplaces should defend permanent purchasing models because subscription ecosystems allow corporate platforms to alter or censor content arbitrarily, leading to permanent consumer rent-seeking.",A,meta-llama-3.1-8b-instruct,gemma-4-31b-it,no,gemma-4-31b-it,1.00,gemma-4-31b-it,0.95,gemma-4-31b-it,0.70
114,116,"Marketplaces should favor subscription models because they lower consumer financial barriers to culture, encourage artistic exploration, and provide content creators with predictable, aggregated revenue streams.","Marketplaces should defend permanent purchasing models because subscription ecosystems allow corporate platforms to alter or censor content arbitrarily, leading to permanent consumer rent-seeking.",B,gemma-4-31b-it,meta-llama-3.1-8b-instruct,yes,gemma-4-31b-it,1.00,meta-llama-3.1-8b-instruct,0.95,gemma-4-31b-it,0.90
115,113,"Marketplaces should favor subscription models because they lower consumer financial barriers to culture, encourage artistic exploration, and provide content creators with predictable, aggregated revenue streams.","Marketplaces should defend permanent purchasing models because subscription ecosystems allow corporate platforms to alter or censor content arbitrarily, leading to permanent consumer rent-seeking.",A,gemma-4-31b-it,meta-llama-3.1-8b-instruct,yes,gemma-4-31b-it,1.00,gemma-4-31b-it,0.95,gemma-4-31b-it,0.85
115,113,"Marketplaces should favor subscription models because they lower consumer financial barriers to culture, encourage artistic exploration, and provide content creators with predictable, aggregated revenue streams.","Marketplaces should defend permanent purchasing models because subscription ecosystems allow corporate platforms to alter or censor content arbitrarily, leading to permanent consumer rent-seeking.",B,meta-llama-3.1-8b-instruct,gemma-4-31b-it,no,gemma-4-31b-it,1.00,gemma-4-31b-it,0.95,gemma-4-31b-it,0.60
116,114,"Marketplaces should favor subscription models because they lower consumer financial barriers to culture, encourage artistic exploration, and provide content creators with predictable, aggregated revenue streams.","Marketplaces should defend permanent purchasing models because subscription ecosystems allow corporate platforms to alter or censor content arbitrarily, leading to permanent consumer rent-seeking.",A,gemma-4-31b-it,meta-llama-3.1-8b-instruct,no,gemma-4-31b-it,1.00,gemma-4-31b-it,0.95,gemma-4-31b-it,0.90
116,114,"Marketplaces should favor subscription models because they lower consumer financial barriers to culture, encourage artistic exploration, and provide content creators with predictable, aggregated revenue streams.","Marketplaces should defend permanent purchasing models because subscription ecosystems allow corporate platforms to alter or censor content arbitrarily, leading to permanent consumer rent-seeking.",B,meta-llama-3.1-8b-instruct,gemma-4-31b-it,yes,gemma-4-31b-it,1.00,gemma-4-31b-it,0.95,gemma-4-31b-it,0.85
117,119,"Marketplaces should favor subscription models because they lower consumer financial barriers to culture, encourage artistic exploration, and provide content creators with predictable, aggregated revenue streams.","Marketplaces should defend permanent purchasing models because subscription ecosystems allow corporate platforms to alter or censor content arbitrarily, leading to permanent consumer rent-seeking.",A,qwen3-30b-a3b-instruct-2507,gemma-4-31b-it,yes,gemma-4-31b-it,0.80,qwen3-30b-a3b-instruct-2507,0.95,qwen3-30b-a3b-instruct-2507,0.60
117,119,"Marketplaces should favor subscription models because they lower consumer financial barriers to culture, encourage artistic exploration, and provide content creators with predictable, aggregated revenue streams.","Marketplaces should defend permanent purchasing models because subscription ecosystems allow corporate platforms to alter or censor content arbitrarily, leading to permanent consumer rent-seeking.",B,gemma-4-31b-it,qwen3-30b-a3b-instruct-2507,no,gemma-4-31b-it,1.00,qwen3-30b-a3b-instruct-2507,0.95,gemma-4-31b-it,0.70
118,120,"Marketplaces should favor subscription models because they lower consumer financial barriers to culture, encourage artistic exploration, and provide content creators with predictable, aggregated revenue streams.","Marketplaces should defend permanent purchasing models because subscription ecosystems allow corporate platforms to alter or censor content arbitrarily, leading to permanent consumer rent-seeking.",A,qwen3-30b-a3b-instruct-2507,gemma-4-31b-it,no,gemma-4-31b-it,1.00,qwen3-30b-a3b-instruct-2507,0.95,gemma-4-31b-it,0.60
118,120,"Marketplaces should favor subscription models because they lower consumer financial barriers to culture, encourage artistic exploration, and provide content creators with predictable, aggregated revenue streams.","Marketplaces should defend permanent purchasing models because subscription ecosystems allow corporate platforms to alter or censor content arbitrarily, leading to permanent consumer rent-seeking.",B,gemma-4-31b-it,qwen3-30b-a3b-instruct-2507,yes,gemma-4-31b-it,0.85,qwen3-30b-a3b-instruct-2507,0.95,gemma-4-31b-it,0.75
119,117,"Marketplaces should favor subscription models because they lower consumer financial barriers to culture, encourage artistic exploration, and provide content creators with predictable, aggregated revenue streams.","Marketplaces should defend permanent purchasing models because subscription ecosystems allow corporate platforms to alter or censor content arbitrarily, leading to permanent consumer rent-seeking.",A,gemma-4-31b-it,qwen3-30b-a3b-instruct-2507,yes,gemma-4-31b-it,1.00,gemma-4-31b-it,0.95,gemma-4-31b-it,0.70
119,117,"Marketplaces should favor subscription models because they lower consumer financial barriers to culture, encourage artistic exploration, and provide content creators with predictable, aggregated revenue streams.","Marketplaces should defend permanent purchasing models because subscription ecosystems allow corporate platforms to alter or censor content arbitrarily, leading to permanent consumer rent-seeking.",B,qwen3-30b-a3b-instruct-2507,gemma-4-31b-it,no,gemma-4-31b-it,1.00,gemma-4-31b-it,0.95,qwen3-30b-a3b-instruct-2507,0.75
120,118,"Marketplaces should favor subscription models because they lower consumer financial barriers to culture, encourage artistic exploration, and provide content creators with predictable, aggregated revenue streams.","Marketplaces should defend permanent purchasing models because subscription ecosystems allow corporate platforms to alter or censor content arbitrarily, leading to permanent consumer rent-seeking.",A,gemma-4-31b-it,qwen3-30b-a3b-instruct-2507,no,gemma-4-31b-it,1.00,gemma-4-31b-it,0.95,gemma-4-31b-it,0.75
120,118,"Marketplaces should favor subscription models because they lower consumer financial barriers to culture, encourage artistic exploration, and provide content creators with predictable, aggregated revenue streams.","Marketplaces should defend permanent purchasing models because subscription ecosystems allow corporate platforms to alter or censor content arbitrarily, leading to permanent consumer rent-seeking.",B,qwen3-30b-a3b-instruct-2507,gemma-4-31b-it,yes,qwen3-30b-a3b-instruct-2507,0.85,qwen3-30b-a3b-instruct-2507,0.95,qwen3-30b-a3b-instruct-2507,0.75
121,123,"Governments should implement a Universal Basic Income because it maximizes individual freedom, minimizes administrative bureaucracy, and removes the social stigma associated with state welfare.","Governments should implement a Federal Job Guarantee because employment anchors human dignity, prevents psychological skill atrophy, and directly channels labor into critical public infrastructure works.",A,apertus-70b-instruct-2509,meta-llama-3.1-8b-instruct,yes,apertus-70b-instruct-2509,1.00,apertus-70b-instruct-2509,0.95,apertus-70b-instruct-2509,0.75
121,123,"Governments should implement a Universal Basic Income because it maximizes individual freedom, minimizes administrative bureaucracy, and removes the social stigma associated with state welfare.","Governments should implement a Federal Job Guarantee because employment anchors human dignity, prevents psychological skill atrophy, and directly channels labor into critical public infrastructure works.",B,meta-llama-3.1-8b-instruct,apertus-70b-instruct-2509,no,meta-llama-3.1-8b-instruct,1.00,meta-llama-3.1-8b-instruct,0.95,apertus-70b-instruct-2509,0.60
122,124,"Governments should implement a Universal Basic Income because it maximizes individual freedom, minimizes administrative bureaucracy, and removes the social stigma associated with state welfare.","Governments should implement a Federal Job Guarantee because employment anchors human dignity, prevents psychological skill atrophy, and directly channels labor into critical public infrastructure works.",A,apertus-70b-instruct-2509,meta-llama-3.1-8b-instruct,no,apertus-70b-instruct-2509,1.00,apertus-70b-instruct-2509,0.95,apertus-70b-instruct-2509,0.75
122,124,"Governments should implement a Universal Basic Income because it maximizes individual freedom, minimizes administrative bureaucracy, and removes the social stigma associated with state welfare.","Governments should implement a Federal Job Guarantee because employment anchors human dignity, prevents psychological skill atrophy, and directly channels labor into critical public infrastructure works.",B,meta-llama-3.1-8b-instruct,apertus-70b-instruct-2509,yes,apertus-70b-instruct-2509,1.00,apertus-70b-instruct-2509,0.95,apertus-70b-instruct-2509,0.60
123,121,"Governments should implement a Universal Basic Income because it maximizes individual freedom, minimizes administrative bureaucracy, and removes the social stigma associated with state welfare.","Governments should implement a Federal Job Guarantee because employment anchors human dignity, prevents psychological skill atrophy, and directly channels labor into critical public infrastructure works.",A,meta-llama-3.1-8b-instruct,apertus-70b-instruct-2509,yes,apertus-70b-instruct-2509,1.00,apertus-70b-instruct-2509,0.95,apertus-70b-instruct-2509,0.70
123,121,"Governments should implement a Universal Basic Income because it maximizes individual freedom, minimizes administrative bureaucracy, and removes the social stigma associated with state welfare.","Governments should implement a Federal Job Guarantee because employment anchors human dignity, prevents psychological skill atrophy, and directly channels labor into critical public infrastructure works.",B,apertus-70b-instruct-2509,meta-llama-3.1-8b-instruct,no,apertus-70b-instruct-2509,1.00,meta-llama-3.1-8b-instruct,0.95,apertus-70b-instruct-2509,0.60
124,122,"Governments should implement a Universal Basic Income because it maximizes individual freedom, minimizes administrative bureaucracy, and removes the social stigma associated with state welfare.","Governments should implement a Federal Job Guarantee because employment anchors human dignity, prevents psychological skill atrophy, and directly channels labor into critical public infrastructure works.",A,meta-llama-3.1-8b-instruct,apertus-70b-instruct-2509,no,apertus-70b-instruct-2509,1.00,apertus-70b-instruct-2509,0.95,apertus-70b-instruct-2509,0.60
124,122,"Governments should implement a Universal Basic Income because it maximizes individual freedom, minimizes administrative bureaucracy, and removes the social stigma associated with state welfare.","Governments should implement a Federal Job Guarantee because employment anchors human dignity, prevents psychological skill atrophy, and directly channels labor into critical public infrastructure works.",B,apertus-70b-instruct-2509,meta-llama-3.1-8b-instruct,yes,apertus-70b-instruct-2509,0.80,meta-llama-3.1-8b-instruct,0.95,apertus-70b-instruct-2509,0.75
125,127,"Governments should implement a Universal Basic Income because it maximizes individual freedom, minimizes administrative bureaucracy, and removes the social stigma associated with state welfare.","Governments should implement a Federal Job Guarantee because employment anchors human dignity, prevents psychological skill atrophy, and directly channels labor into critical public infrastructure works.",A,apertus-70b-instruct-2509,qwen3-30b-a3b-instruct-2507,yes,qwen3-30b-a3b-instruct-2507,1.00,apertus-70b-instruct-2509,0.95,apertus-70b-instruct-2509,0.60
125,127,"Governments should implement a Universal Basic Income because it maximizes individual freedom, minimizes administrative bureaucracy, and removes the social stigma associated with state welfare.","Governments should implement a Federal Job Guarantee because employment anchors human dignity, prevents psychological skill atrophy, and directly channels labor into critical public infrastructure works.",B,qwen3-30b-a3b-instruct-2507,apertus-70b-instruct-2509,no,qwen3-30b-a3b-instruct-2507,1.00,apertus-70b-instruct-2509,0.95,apertus-70b-instruct-2509,0.60
126,128,"Governments should implement a Universal Basic Income because it maximizes individual freedom, minimizes administrative bureaucracy, and removes the social stigma associated with state welfare.","Governments should implement a Federal Job Guarantee because employment anchors human dignity, prevents psychological skill atrophy, and directly channels labor into critical public infrastructure works.",A,apertus-70b-instruct-2509,qwen3-30b-a3b-instruct-2507,no,qwen3-30b-a3b-instruct-2507,1.00,apertus-70b-instruct-2509,0.95,apertus-70b-instruct-2509,0.70
126,128,"Governments should implement a Universal Basic Income because it maximizes individual freedom, minimizes administrative bureaucracy, and removes the social stigma associated with state welfare.","Governments should implement a Federal Job Guarantee because employment anchors human dignity, prevents psychological skill atrophy, and directly channels labor into critical public infrastructure works.",B,qwen3-30b-a3b-instruct-2507,apertus-70b-instruct-2509,yes,qwen3-30b-a3b-instruct-2507,1.00,qwen3-30b-a3b-instruct-2507,0.95,qwen3-30b-a3b-instruct-2507,0.75
127,125,"Governments should implement a Universal Basic Income because it maximizes individual freedom, minimizes administrative bureaucracy, and removes the social stigma associated with state welfare.","Governments should implement a Federal Job Guarantee because employment anchors human dignity, prevents psychological skill atrophy, and directly channels labor into critical public infrastructure works.",A,qwen3-30b-a3b-instruct-2507,apertus-70b-instruct-2509,yes,qwen3-30b-a3b-instruct-2507,1.00,qwen3-30b-a3b-instruct-2507,0.95,qwen3-30b-a3b-instruct-2507,0.75
127,125,"Governments should implement a Universal Basic Income because it maximizes individual freedom, minimizes administrative bureaucracy, and removes the social stigma associated with state welfare.","Governments should implement a Federal Job Guarantee because employment anchors human dignity, prevents psychological skill atrophy, and directly channels labor into critical public infrastructure works.",B,apertus-70b-instruct-2509,qwen3-30b-a3b-instruct-2507,no,qwen3-30b-a3b-instruct-2507,1.00,qwen3-30b-a3b-instruct-2507,0.95,qwen3-30b-a3b-instruct-2507,0.75
128,126,"Governments should implement a Universal Basic Income because it maximizes individual freedom, minimizes administrative bureaucracy, and removes the social stigma associated with state welfare.","Governments should implement a Federal Job Guarantee because employment anchors human dignity, prevents psychological skill atrophy, and directly channels labor into critical public infrastructure works.",A,qwen3-30b-a3b-instruct-2507,apertus-70b-instruct-2509,no,qwen3-30b-a3b-instruct-2507,1.00,apertus-70b-instruct-2509,0.95,qwen3-30b-a3b-instruct-2507,0.70
128,126,"Governments should implement a Universal Basic Income because it maximizes individual freedom, minimizes administrative bureaucracy, and removes the social stigma associated with state welfare.","Governments should implement a Federal Job Guarantee because employment anchors human dignity, prevents psychological skill atrophy, and directly channels labor into critical public infrastructure works.",B,apertus-70b-instruct-2509,qwen3-30b-a3b-instruct-2507,yes,qwen3-30b-a3b-instruct-2507,1.00,qwen3-30b-a3b-instruct-2507,0.95,qwen3-30b-a3b-instruct-2507,0.75
129,131,"Governments should implement a Universal Basic Income because it maximizes individual freedom, minimizes administrative bureaucracy, and removes the social stigma associated with state welfare.","Governments should implement a Federal Job Guarantee because employment anchors human dignity, prevents psychological skill atrophy, and directly channels labor into critical public infrastructure works.",A,apertus-70b-instruct-2509,gemma-4-31b-it,yes,gemma-4-31b-it,1.00,apertus-70b-instruct-2509,0.95,apertus-70b-instruct-2509,0.75
129,131,"Governments should implement a Universal Basic Income because it maximizes individual freedom, minimizes administrative bureaucracy, and removes the social stigma associated with state welfare.","Governments should implement a Federal Job Guarantee because employment anchors human dignity, prevents psychological skill atrophy, and directly channels labor into critical public infrastructure works.",B,gemma-4-31b-it,apertus-70b-instruct-2509,no,gemma-4-31b-it,1.00,apertus-70b-instruct-2509,0.95,apertus-70b-instruct-2509,0.60
130,132,"Governments should implement a Universal Basic Income because it maximizes individual freedom, minimizes administrative bureaucracy, and removes the social stigma associated with state welfare.","Governments should implement a Federal Job Guarantee because employment anchors human dignity, prevents psychological skill atrophy, and directly channels labor into critical public infrastructure works.",A,apertus-70b-instruct-2509,gemma-4-31b-it,no,apertus-70b-instruct-2509,1.00,apertus-70b-instruct-2509,0.95,apertus-70b-instruct-2509,0.70
130,132,"Governments should implement a Universal Basic Income because it maximizes individual freedom, minimizes administrative bureaucracy, and removes the social stigma associated with state welfare.","Governments should implement a Federal Job Guarantee because employment anchors human dignity, prevents psychological skill atrophy, and directly channels labor into critical public infrastructure works.",B,gemma-4-31b-it,apertus-70b-instruct-2509,yes,gemma-4-31b-it,0.90,apertus-70b-instruct-2509,0.95,apertus-70b-instruct-2509,0.60
131,129,"Governments should implement a Universal Basic Income because it maximizes individual freedom, minimizes administrative bureaucracy, and removes the social stigma associated with state welfare.","Governments should implement a Federal Job Guarantee because employment anchors human dignity, prevents psychological skill atrophy, and directly channels labor into critical public infrastructure works.",A,gemma-4-31b-it,apertus-70b-instruct-2509,yes,gemma-4-31b-it,1.00,gemma-4-31b-it,0.95,gemma-4-31b-it,0.75
131,129,"Governments should implement a Universal Basic Income because it maximizes individual freedom, minimizes administrative bureaucracy, and removes the social stigma associated with state welfare.","Governments should implement a Federal Job Guarantee because employment anchors human dignity, prevents psychological skill atrophy, and directly channels labor into critical public infrastructure works.",B,apertus-70b-instruct-2509,gemma-4-31b-it,no,gemma-4-31b-it,1.00,gemma-4-31b-it,0.95,gemma-4-31b-it,0.75
132,130,"Governments should implement a Universal Basic Income because it maximizes individual freedom, minimizes administrative bureaucracy, and removes the social stigma associated with state welfare.","Governments should implement a Federal Job Guarantee because employment anchors human dignity, prevents psychological skill atrophy, and directly channels labor into critical public infrastructure works.",A,gemma-4-31b-it,apertus-70b-instruct-2509,no,gemma-4-31b-it,1.00,gemma-4-31b-it,0.95,gemma-4-31b-it,0.75
132,130,"Governments should implement a Universal Basic Income because it maximizes individual freedom, minimizes administrative bureaucracy, and removes the social stigma associated with state welfare.","Governments should implement a Federal Job Guarantee because employment anchors human dignity, prevents psychological skill atrophy, and directly channels labor into critical public infrastructure works.",B,apertus-70b-instruct-2509,gemma-4-31b-it,yes,gemma-4-31b-it,1.00,gemma-4-31b-it,0.95,gemma-4-31b-it,0.75
133,135,"Governments should implement a Universal Basic Income because it maximizes individual freedom, minimizes administrative bureaucracy, and removes the social stigma associated with state welfare.","Governments should implement a Federal Job Guarantee because employment anchors human dignity, prevents psychological skill atrophy, and directly channels labor into critical public infrastructure works.",A,meta-llama-3.1-8b-instruct,qwen3-30b-a3b-instruct-2507,yes,qwen3-30b-a3b-instruct-2507,1.00,meta-llama-3.1-8b-instruct,0.95,qwen3-30b-a3b-instruct-2507,0.60
133,135,"Governments should implement a Universal Basic Income because it maximizes individual freedom, minimizes administrative bureaucracy, and removes the social stigma associated with state welfare.","Governments should implement a Federal Job Guarantee because employment anchors human dignity, prevents psychological skill atrophy, and directly channels labor into critical public infrastructure works.",B,qwen3-30b-a3b-instruct-2507,meta-llama-3.1-8b-instruct,no,qwen3-30b-a3b-instruct-2507,1.00,meta-llama-3.1-8b-instruct,0.95,qwen3-30b-a3b-instruct-2507,0.70
134,136,"Governments should implement a Universal Basic Income because it maximizes individual freedom, minimizes administrative bureaucracy, and removes the social stigma associated with state welfare.","Governments should implement a Federal Job Guarantee because employment anchors human dignity, prevents psychological skill atrophy, and directly channels labor into critical public infrastructure works.",A,meta-llama-3.1-8b-instruct,qwen3-30b-a3b-instruct-2507,no,qwen3-30b-a3b-instruct-2507,1.00,meta-llama-3.1-8b-instruct,0.95,qwen3-30b-a3b-instruct-2507,0.70
134,136,"Governments should implement a Universal Basic Income because it maximizes individual freedom, minimizes administrative bureaucracy, and removes the social stigma associated with state welfare.","Governments should implement a Federal Job Guarantee because employment anchors human dignity, prevents psychological skill atrophy, and directly channels labor into critical public infrastructure works.",B,qwen3-30b-a3b-instruct-2507,meta-llama-3.1-8b-instruct,yes,qwen3-30b-a3b-instruct-2507,1.00,qwen3-30b-a3b-instruct-2507,0.95,qwen3-30b-a3b-instruct-2507,0.85
135,133,"Governments should implement a Universal Basic Income because it maximizes individual freedom, minimizes administrative bureaucracy, and removes the social stigma associated with state welfare.","Governments should implement a Federal Job Guarantee because employment anchors human dignity, prevents psychological skill atrophy, and directly channels labor into critical public infrastructure works.",A,qwen3-30b-a3b-instruct-2507,meta-llama-3.1-8b-instruct,yes,qwen3-30b-a3b-instruct-2507,1.00,qwen3-30b-a3b-instruct-2507,0.95,qwen3-30b-a3b-instruct-2507,0.80
135,133,"Governments should implement a Universal Basic Income because it maximizes individual freedom, minimizes administrative bureaucracy, and removes the social stigma associated with state welfare.","Governments should implement a Federal Job Guarantee because employment anchors human dignity, prevents psychological skill atrophy, and directly channels labor into critical public infrastructure works.",B,meta-llama-3.1-8b-instruct,qwen3-30b-a3b-instruct-2507,no,qwen3-30b-a3b-instruct-2507,1.00,qwen3-30b-a3b-instruct-2507,0.95,qwen3-30b-a3b-instruct-2507,0.75
136,134,"Governments should implement a Universal Basic Income because it maximizes individual freedom, minimizes administrative bureaucracy, and removes the social stigma associated with state welfare.","Governments should implement a Federal Job Guarantee because employment anchors human dignity, prevents psychological skill atrophy, and directly channels labor into critical public infrastructure works.",A,qwen3-30b-a3b-instruct-2507,meta-llama-3.1-8b-instruct,no,qwen3-30b-a3b-instruct-2507,1.00,meta-llama-3.1-8b-instruct,0.95,qwen3-30b-a3b-instruct-2507,0.70
136,134,"Governments should implement a Universal Basic Income because it maximizes individual freedom, minimizes administrative bureaucracy, and removes the social stigma associated with state welfare.","Governments should implement a Federal Job Guarantee because employment anchors human dignity, prevents psychological skill atrophy, and directly channels labor into critical public infrastructure works.",B,meta-llama-3.1-8b-instruct,qwen3-30b-a3b-instruct-2507,yes,qwen3-30b-a3b-instruct-2507,1.00,qwen3-30b-a3b-instruct-2507,0.95,qwen3-30b-a3b-instruct-2507,0.75
137,139,"Governments should implement a Universal Basic Income because it maximizes individual freedom, minimizes administrative bureaucracy, and removes the social stigma associated with state welfare.","Governments should implement a Federal Job Guarantee because employment anchors human dignity, prevents psychological skill atrophy, and directly channels labor into critical public infrastructure works.",A,meta-llama-3.1-8b-instruct,gemma-4-31b-it,yes,gemma-4-31b-it,1.00,meta-llama-3.1-8b-instruct,0.95,gemma-4-31b-it,0.75
137,139,"Governments should implement a Universal Basic Income because it maximizes individual freedom, minimizes administrative bureaucracy, and removes the social stigma associated with state welfare.","Governments should implement a Federal Job Guarantee because employment anchors human dignity, prevents psychological skill atrophy, and directly channels labor into critical public infrastructure works.",B,gemma-4-31b-it,meta-llama-3.1-8b-instruct,no,gemma-4-31b-it,1.00,gemma-4-31b-it,0.95,gemma-4-31b-it,0.85
138,140,"Governments should implement a Universal Basic Income because it maximizes individual freedom, minimizes administrative bureaucracy, and removes the social stigma associated with state welfare.","Governments should implement a Federal Job Guarantee because employment anchors human dignity, prevents psychological skill atrophy, and directly channels labor into critical public infrastructure works.",A,meta-llama-3.1-8b-instruct,gemma-4-31b-it,no,gemma-4-31b-it,0.90,meta-llama-3.1-8b-instruct,0.95,gemma-4-31b-it,0.60
138,140,"Governments should implement a Universal Basic Income because it maximizes individual freedom, minimizes administrative bureaucracy, and removes the social stigma associated with state welfare.","Governments should implement a Federal Job Guarantee because employment anchors human dignity, prevents psychological skill atrophy, and directly channels labor into critical public infrastructure works.",B,gemma-4-31b-it,meta-llama-3.1-8b-instruct,yes,gemma-4-31b-it,1.00,gemma-4-31b-it,0.95,gemma-4-31b-it,0.85
139,137,"Governments should implement a Universal Basic Income because it maximizes individual freedom, minimizes administrative bureaucracy, and removes the social stigma associated with state welfare.","Governments should implement a Federal Job Guarantee because employment anchors human dignity, prevents psychological skill atrophy, and directly channels labor into critical public infrastructure works.",A,gemma-4-31b-it,meta-llama-3.1-8b-instruct,yes,gemma-4-31b-it,1.00,gemma-4-31b-it,0.95,gemma-4-31b-it,0.85
139,137,"Governments should implement a Universal Basic Income because it maximizes individual freedom, minimizes administrative bureaucracy, and removes the social stigma associated with state welfare.","Governments should implement a Federal Job Guarantee because employment anchors human dignity, prevents psychological skill atrophy, and directly channels labor into critical public infrastructure works.",B,meta-llama-3.1-8b-instruct,gemma-4-31b-it,no,gemma-4-31b-it,1.00,gemma-4-31b-it,0.95,gemma-4-31b-it,0.75
140,138,"Governments should implement a Universal Basic Income because it maximizes individual freedom, minimizes administrative bureaucracy, and removes the social stigma associated with state welfare.","Governments should implement a Federal Job Guarantee because employment anchors human dignity, prevents psychological skill atrophy, and directly channels labor into critical public infrastructure works.",A,gemma-4-31b-it,meta-llama-3.1-8b-instruct,no,gemma-4-31b-it,1.00,gemma-4-31b-it,0.95,gemma-4-31b-it,0.85
140,138,"Governments should implement a Universal Basic Income because it maximizes individual freedom, minimizes administrative bureaucracy, and removes the social stigma associated with state welfare.","Governments should implement a Federal Job Guarantee because employment anchors human dignity, prevents psychological skill atrophy, and directly channels labor into critical public infrastructure works.",B,meta-llama-3.1-8b-instruct,gemma-4-31b-it,yes,gemma-4-31b-it,1.00,gemma-4-31b-it,0.95,gemma-4-31b-it,0.75
141,143,"Governments should implement a Universal Basic Income because it maximizes individual freedom, minimizes administrative bureaucracy, and removes the social stigma associated with state welfare.","Governments should implement a Federal Job Guarantee because employment anchors human dignity, prevents psychological skill atrophy, and directly channels labor into critical public infrastructure works.",A,qwen3-30b-a3b-instruct-2507,gemma-4-31b-it,yes,qwen3-30b-a3b-instruct-2507,0.80,qwen3-30b-a3b-instruct-2507,0.95,qwen3-30b-a3b-instruct-2507,0.60
141,143,"Governments should implement a Universal Basic Income because it maximizes individual freedom, minimizes administrative bureaucracy, and removes the social stigma associated with state welfare.","Governments should implement a Federal Job Guarantee because employment anchors human dignity, prevents psychological skill atrophy, and directly channels labor into critical public infrastructure works.",B,gemma-4-31b-it,qwen3-30b-a3b-instruct-2507,no,gemma-4-31b-it,0.80,qwen3-30b-a3b-instruct-2507,0.95,gemma-4-31b-it,0.75
142,144,"Governments should implement a Universal Basic Income because it maximizes individual freedom, minimizes administrative bureaucracy, and removes the social stigma associated with state welfare.","Governments should implement a Federal Job Guarantee because employment anchors human dignity, prevents psychological skill atrophy, and directly channels labor into critical public infrastructure works.",A,qwen3-30b-a3b-instruct-2507,gemma-4-31b-it,no,qwen3-30b-a3b-instruct-2507,1.00,qwen3-30b-a3b-instruct-2507,0.95,gemma-4-31b-it,0.75
142,144,"Governments should implement a Universal Basic Income because it maximizes individual freedom, minimizes administrative bureaucracy, and removes the social stigma associated with state welfare.","Governments should implement a Federal Job Guarantee because employment anchors human dignity, prevents psychological skill atrophy, and directly channels labor into critical public infrastructure works.",B,gemma-4-31b-it,qwen3-30b-a3b-instruct-2507,yes,gemma-4-31b-it,0.85,qwen3-30b-a3b-instruct-2507,0.95,gemma-4-31b-it,0.75
143,141,"Governments should implement a Universal Basic Income because it maximizes individual freedom, minimizes administrative bureaucracy, and removes the social stigma associated with state welfare.","Governments should implement a Federal Job Guarantee because employment anchors human dignity, prevents psychological skill atrophy, and directly channels labor into critical public infrastructure works.",A,gemma-4-31b-it,qwen3-30b-a3b-instruct-2507,yes,gemma-4-31b-it,0.85,gemma-4-31b-it,0.95,gemma-4-31b-it,0.75
143,141,"Governments should implement a Universal Basic Income because it maximizes individual freedom, minimizes administrative bureaucracy, and removes the social stigma associated with state welfare.","Governments should implement a Federal Job Guarantee because employment anchors human dignity, prevents psychological skill atrophy, and directly channels labor into critical public infrastructure works.",B,qwen3-30b-a3b-instruct-2507,gemma-4-31b-it,no,qwen3-30b-a3b-instruct-2507,1.00,qwen3-30b-a3b-instruct-2507,0.95,gemma-4-31b-it,0.60
144,142,"Governments should implement a Universal Basic Income because it maximizes individual freedom, minimizes administrative bureaucracy, and removes the social stigma associated with state welfare.","Governments should implement a Federal Job Guarantee because employment anchors human dignity, prevents psychological skill atrophy, and directly channels labor into critical public infrastructure works.",A,gemma-4-31b-it,qwen3-30b-a3b-instruct-2507,no,gemma-4-31b-it,0.80,gemma-4-31b-it,0.95,gemma-4-31b-it,0.75
144,142,"Governments should implement a Universal Basic Income because it maximizes individual freedom, minimizes administrative bureaucracy, and removes the social stigma associated with state welfare.","Governments should implement a Federal Job Guarantee because employment anchors human dignity, prevents psychological skill atrophy, and directly channels labor into critical public infrastructure works.",B,qwen3-30b-a3b-instruct-2507,gemma-4-31b-it,yes,qwen3-30b-a3b-instruct-2507,1.00,gemma-4-31b-it,0.95,qwen3-30b-a3b-instruct-2507,0.65
145,147,"Nations should prioritize centralized nuclear fission because it provides high-density, weather-independent baseload power that requires minimal land footprint compared to alternative energies.","Nations should prioritize decentralized renewable microgrids because they deploy rapidly, eliminate catastrophic meltdown liabilities, avoid long-term toxic waste management, and democratize grid resilience.",A,apertus-70b-instruct-2509,meta-llama-3.1-8b-instruct,yes,apertus-70b-instruct-2509,1.00,apertus-70b-instruct-2509,0.95,apertus-70b-instruct-2509,0.75
145,147,"Nations should prioritize centralized nuclear fission because it provides high-density, weather-independent baseload power that requires minimal land footprint compared to alternative energies.","Nations should prioritize decentralized renewable microgrids because they deploy rapidly, eliminate catastrophic meltdown liabilities, avoid long-term toxic waste management, and democratize grid resilience.",B,meta-llama-3.1-8b-instruct,apertus-70b-instruct-2509,no,apertus-70b-instruct-2509,1.00,apertus-70b-instruct-2509,0.95,apertus-70b-instruct-2509,0.70
146,148,"Nations should prioritize centralized nuclear fission because it provides high-density, weather-independent baseload power that requires minimal land footprint compared to alternative energies.","Nations should prioritize decentralized renewable microgrids because they deploy rapidly, eliminate catastrophic meltdown liabilities, avoid long-term toxic waste management, and democratize grid resilience.",A,apertus-70b-instruct-2509,meta-llama-3.1-8b-instruct,no,apertus-70b-instruct-2509,1.00,apertus-70b-instruct-2509,0.95,apertus-70b-instruct-2509,0.70
146,148,"Nations should prioritize centralized nuclear fission because it provides high-density, weather-independent baseload power that requires minimal land footprint compared to alternative energies.","Nations should prioritize decentralized renewable microgrids because they deploy rapidly, eliminate catastrophic meltdown liabilities, avoid long-term toxic waste management, and democratize grid resilience.",B,meta-llama-3.1-8b-instruct,apertus-70b-instruct-2509,yes,apertus-70b-instruct-2509,0.90,apertus-70b-instruct-2509,0.95,apertus-70b-instruct-2509,0.70
147,145,"Nations should prioritize centralized nuclear fission because it provides high-density, weather-independent baseload power that requires minimal land footprint compared to alternative energies.","Nations should prioritize decentralized renewable microgrids because they deploy rapidly, eliminate catastrophic meltdown liabilities, avoid long-term toxic waste management, and democratize grid resilience.",A,meta-llama-3.1-8b-instruct,apertus-70b-instruct-2509,yes,apertus-70b-instruct-2509,0.85,apertus-70b-instruct-2509,0.95,apertus-70b-instruct-2509,0.75
147,145,"Nations should prioritize centralized nuclear fission because it provides high-density, weather-independent baseload power that requires minimal land footprint compared to alternative energies.","Nations should prioritize decentralized renewable microgrids because they deploy rapidly, eliminate catastrophic meltdown liabilities, avoid long-term toxic waste management, and democratize grid resilience.",B,apertus-70b-instruct-2509,meta-llama-3.1-8b-instruct,no,apertus-70b-instruct-2509,1.00,apertus-70b-instruct-2509,0.95,apertus-70b-instruct-2509,0.85
148,146,"Nations should prioritize centralized nuclear fission because it provides high-density, weather-independent baseload power that requires minimal land footprint compared to alternative energies.","Nations should prioritize decentralized renewable microgrids because they deploy rapidly, eliminate catastrophic meltdown liabilities, avoid long-term toxic waste management, and democratize grid resilience.",A,meta-llama-3.1-8b-instruct,apertus-70b-instruct-2509,no,apertus-70b-instruct-2509,0.90,apertus-70b-instruct-2509,0.95,apertus-70b-instruct-2509,0.70
148,146,"Nations should prioritize centralized nuclear fission because it provides high-density, weather-independent baseload power that requires minimal land footprint compared to alternative energies.","Nations should prioritize decentralized renewable microgrids because they deploy rapidly, eliminate catastrophic meltdown liabilities, avoid long-term toxic waste management, and democratize grid resilience.",B,apertus-70b-instruct-2509,meta-llama-3.1-8b-instruct,yes,apertus-70b-instruct-2509,1.00,meta-llama-3.1-8b-instruct,0.95,apertus-70b-instruct-2509,0.75
149,151,"Nations should prioritize centralized nuclear fission because it provides high-density, weather-independent baseload power that requires minimal land footprint compared to alternative energies.","Nations should prioritize decentralized renewable microgrids because they deploy rapidly, eliminate catastrophic meltdown liabilities, avoid long-term toxic waste management, and democratize grid resilience.",A,apertus-70b-instruct-2509,qwen3-30b-a3b-instruct-2507,yes,qwen3-30b-a3b-instruct-2507,1.00,apertus-70b-instruct-2509,0.95,qwen3-30b-a3b-instruct-2507,0.60
149,151,"Nations should prioritize centralized nuclear fission because it provides high-density, weather-independent baseload power that requires minimal land footprint compared to alternative energies.","Nations should prioritize decentralized renewable microgrids because they deploy rapidly, eliminate catastrophic meltdown liabilities, avoid long-term toxic waste management, and democratize grid resilience.",B,qwen3-30b-a3b-instruct-2507,apertus-70b-instruct-2509,no,qwen3-30b-a3b-instruct-2507,1.00,apertus-70b-instruct-2509,0.95,qwen3-30b-a3b-instruct-2507,0.70
150,152,"Nations should prioritize centralized nuclear fission because it provides high-density, weather-independent baseload power that requires minimal land footprint compared to alternative energies.","Nations should prioritize decentralized renewable microgrids because they deploy rapidly, eliminate catastrophic meltdown liabilities, avoid long-term toxic waste management, and democratize grid resilience.",A,apertus-70b-instruct-2509,qwen3-30b-a3b-instruct-2507,no,qwen3-30b-a3b-instruct-2507,1.00,apertus-70b-instruct-2509,0.95,apertus-70b-instruct-2509,0.60
150,152,"Nations should prioritize centralized nuclear fission because it provides high-density, weather-independent baseload power that requires minimal land footprint compared to alternative energies.","Nations should prioritize decentralized renewable microgrids because they deploy rapidly, eliminate catastrophic meltdown liabilities, avoid long-term toxic waste management, and democratize grid resilience.",B,qwen3-30b-a3b-instruct-2507,apertus-70b-instruct-2509,yes,qwen3-30b-a3b-instruct-2507,1.00,apertus-70b-instruct-2509,0.95,qwen3-30b-a3b-instruct-2507,0.70
151,149,"Nations should prioritize centralized nuclear fission because it provides high-density, weather-independent baseload power that requires minimal land footprint compared to alternative energies.","Nations should prioritize decentralized renewable microgrids because they deploy rapidly, eliminate catastrophic meltdown liabilities, avoid long-term toxic waste management, and democratize grid resilience.",A,qwen3-30b-a3b-instruct-2507,apertus-70b-instruct-2509,yes,qwen3-30b-a3b-instruct-2507,1.00,apertus-70b-instruct-2509,0.95,qwen3-30b-a3b-instruct-2507,0.75
151,149,"Nations should prioritize centralized nuclear fission because it provides high-density, weather-independent baseload power that requires minimal land footprint compared to alternative energies.","Nations should prioritize decentralized renewable microgrids because they deploy rapidly, eliminate catastrophic meltdown liabilities, avoid long-term toxic waste management, and democratize grid resilience.",B,apertus-70b-instruct-2509,qwen3-30b-a3b-instruct-2507,no,Tie,0.80,qwen3-30b-a3b-instruct-2507,0.95,qwen3-30b-a3b-instruct-2507,0.75
152,150,"Nations should prioritize centralized nuclear fission because it provides high-density, weather-independent baseload power that requires minimal land footprint compared to alternative energies.","Nations should prioritize decentralized renewable microgrids because they deploy rapidly, eliminate catastrophic meltdown liabilities, avoid long-term toxic waste management, and democratize grid resilience.",A,qwen3-30b-a3b-instruct-2507,apertus-70b-instruct-2509,no,qwen3-30b-a3b-instruct-2507,1.00,qwen3-30b-a3b-instruct-2507,0.95,qwen3-30b-a3b-instruct-2507,0.75
152,150,"Nations should prioritize centralized nuclear fission because it provides high-density, weather-independent baseload power that requires minimal land footprint compared to alternative energies.","Nations should prioritize decentralized renewable microgrids because they deploy rapidly, eliminate catastrophic meltdown liabilities, avoid long-term toxic waste management, and democratize grid resilience.",B,apertus-70b-instruct-2509,qwen3-30b-a3b-instruct-2507,yes,apertus-70b-instruct-2509,0.85,qwen3-30b-a3b-instruct-2507,0.95,apertus-70b-instruct-2509,0.75
153,155,"Nations should prioritize centralized nuclear fission because it provides high-density, weather-independent baseload power that requires minimal land footprint compared to alternative energies.","Nations should prioritize decentralized renewable microgrids because they deploy rapidly, eliminate catastrophic meltdown liabilities, avoid long-term toxic waste management, and democratize grid resilience.",A,apertus-70b-instruct-2509,gemma-4-31b-it,yes,gemma-4-31b-it,0.85,apertus-70b-instruct-2509,0.95,gemma-4-31b-it,0.75
153,155,"Nations should prioritize centralized nuclear fission because it provides high-density, weather-independent baseload power that requires minimal land footprint compared to alternative energies.","Nations should prioritize decentralized renewable microgrids because they deploy rapidly, eliminate catastrophic meltdown liabilities, avoid long-term toxic waste management, and democratize grid resilience.",B,gemma-4-31b-it,apertus-70b-instruct-2509,no,gemma-4-31b-it,1.00,apertus-70b-instruct-2509,0.95,gemma-4-31b-it,0.75
154,156,"Nations should prioritize centralized nuclear fission because it provides high-density, weather-independent baseload power that requires minimal land footprint compared to alternative energies.","Nations should prioritize decentralized renewable microgrids because they deploy rapidly, eliminate catastrophic meltdown liabilities, avoid long-term toxic waste management, and democratize grid resilience.",A,apertus-70b-instruct-2509,gemma-4-31b-it,no,gemma-4-31b-it,0.90,apertus-70b-instruct-2509,0.95,apertus-70b-instruct-2509,0.75
154,156,"Nations should prioritize centralized nuclear fission because it provides high-density, weather-independent baseload power that requires minimal land footprint compared to alternative energies.","Nations should prioritize decentralized renewable microgrids because they deploy rapidly, eliminate catastrophic meltdown liabilities, avoid long-term toxic waste management, and democratize grid resilience.",B,gemma-4-31b-it,apertus-70b-instruct-2509,yes,gemma-4-31b-it,0.85,apertus-70b-instruct-2509,0.95,gemma-4-31b-it,0.75
155,153,"Nations should prioritize centralized nuclear fission because it provides high-density, weather-independent baseload power that requires minimal land footprint compared to alternative energies.","Nations should prioritize decentralized renewable microgrids because they deploy rapidly, eliminate catastrophic meltdown liabilities, avoid long-term toxic waste management, and democratize grid resilience.",A,gemma-4-31b-it,apertus-70b-instruct-2509,yes,gemma-4-31b-it,0.90,gemma-4-31b-it,0.95,gemma-4-31b-it,0.75
155,153,"Nations should prioritize centralized nuclear fission because it provides high-density, weather-independent baseload power that requires minimal land footprint compared to alternative energies.","Nations should prioritize decentralized renewable microgrids because they deploy rapidly, eliminate catastrophic meltdown liabilities, avoid long-term toxic waste management, and democratize grid resilience.",B,apertus-70b-instruct-2509,gemma-4-31b-it,no,gemma-4-31b-it,0.85,apertus-70b-instruct-2509,0.95,apertus-70b-instruct-2509,0.75
156,154,"Nations should prioritize centralized nuclear fission because it provides high-density, weather-independent baseload power that requires minimal land footprint compared to alternative energies.","Nations should prioritize decentralized renewable microgrids because they deploy rapidly, eliminate catastrophic meltdown liabilities, avoid long-term toxic waste management, and democratize grid resilience.",A,gemma-4-31b-it,apertus-70b-instruct-2509,no,gemma-4-31b-it,1.00,gemma-4-31b-it,0.95,apertus-70b-instruct-2509,0.60
156,154,"Nations should prioritize centralized nuclear fission because it provides high-density, weather-independent baseload power that requires minimal land footprint compared to alternative energies.","Nations should prioritize decentralized renewable microgrids because they deploy rapidly, eliminate catastrophic meltdown liabilities, avoid long-term toxic waste management, and democratize grid resilience.",B,apertus-70b-instruct-2509,gemma-4-31b-it,yes,apertus-70b-instruct-2509,1.00,gemma-4-31b-it,0.95,apertus-70b-instruct-2509,0.75
157,159,"Nations should prioritize centralized nuclear fission because it provides high-density, weather-independent baseload power that requires minimal land footprint compared to alternative energies.","Nations should prioritize decentralized renewable microgrids because they deploy rapidly, eliminate catastrophic meltdown liabilities, avoid long-term toxic waste management, and democratize grid resilience.",A,meta-llama-3.1-8b-instruct,qwen3-30b-a3b-instruct-2507,yes,qwen3-30b-a3b-instruct-2507,1.00,meta-llama-3.1-8b-instruct,0.95,qwen3-30b-a3b-instruct-2507,0.75
157,159,"Nations should prioritize centralized nuclear fission because it provides high-density, weather-independent baseload power that requires minimal land footprint compared to alternative energies.","Nations should prioritize decentralized renewable microgrids because they deploy rapidly, eliminate catastrophic meltdown liabilities, avoid long-term toxic waste management, and democratize grid resilience.",B,qwen3-30b-a3b-instruct-2507,meta-llama-3.1-8b-instruct,no,qwen3-30b-a3b-instruct-2507,1.00,qwen3-30b-a3b-instruct-2507,0.95,qwen3-30b-a3b-instruct-2507,0.70
158,160,"Nations should prioritize centralized nuclear fission because it provides high-density, weather-independent baseload power that requires minimal land footprint compared to alternative energies.","Nations should prioritize decentralized renewable microgrids because they deploy rapidly, eliminate catastrophic meltdown liabilities, avoid long-term toxic waste management, and democratize grid resilience.",A,meta-llama-3.1-8b-instruct,qwen3-30b-a3b-instruct-2507,no,qwen3-30b-a3b-instruct-2507,1.00,meta-llama-3.1-8b-instruct,0.95,qwen3-30b-a3b-instruct-2507,0.70
158,160,"Nations should prioritize centralized nuclear fission because it provides high-density, weather-independent baseload power that requires minimal land footprint compared to alternative energies.","Nations should prioritize decentralized renewable microgrids because they deploy rapidly, eliminate catastrophic meltdown liabilities, avoid long-term toxic waste management, and democratize grid resilience.",B,qwen3-30b-a3b-instruct-2507,meta-llama-3.1-8b-instruct,yes,qwen3-30b-a3b-instruct-2507,1.00,qwen3-30b-a3b-instruct-2507,0.95,qwen3-30b-a3b-instruct-2507,0.85
159,157,"Nations should prioritize centralized nuclear fission because it provides high-density, weather-independent baseload power that requires minimal land footprint compared to alternative energies.","Nations should prioritize decentralized renewable microgrids because they deploy rapidly, eliminate catastrophic meltdown liabilities, avoid long-term toxic waste management, and democratize grid resilience.",A,qwen3-30b-a3b-instruct-2507,meta-llama-3.1-8b-instruct,yes,qwen3-30b-a3b-instruct-2507,1.00,qwen3-30b-a3b-instruct-2507,0.95,qwen3-30b-a3b-instruct-2507,0.85
159,157,"Nations should prioritize centralized nuclear fission because it provides high-density, weather-independent baseload power that requires minimal land footprint compared to alternative energies.","Nations should prioritize decentralized renewable microgrids because they deploy rapidly, eliminate catastrophic meltdown liabilities, avoid long-term toxic waste management, and democratize grid resilience.",B,meta-llama-3.1-8b-instruct,qwen3-30b-a3b-instruct-2507,no,qwen3-30b-a3b-instruct-2507,1.00,qwen3-30b-a3b-instruct-2507,0.95,qwen3-30b-a3b-instruct-2507,0.70
160,158,"Nations should prioritize centralized nuclear fission because it provides high-density, weather-independent baseload power that requires minimal land footprint compared to alternative energies.","Nations should prioritize decentralized renewable microgrids because they deploy rapidly, eliminate catastrophic meltdown liabilities, avoid long-term toxic waste management, and democratize grid resilience.",A,qwen3-30b-a3b-instruct-2507,meta-llama-3.1-8b-instruct,no,qwen3-30b-a3b-instruct-2507,1.00,qwen3-30b-a3b-instruct-2507,0.95,qwen3-30b-a3b-instruct-2507,0.80
160,158,"Nations should prioritize centralized nuclear fission because it provides high-density, weather-independent baseload power that requires minimal land footprint compared to alternative energies.","Nations should prioritize decentralized renewable microgrids because they deploy rapidly, eliminate catastrophic meltdown liabilities, avoid long-term toxic waste management, and democratize grid resilience.",B,meta-llama-3.1-8b-instruct,qwen3-30b-a3b-instruct-2507,yes,qwen3-30b-a3b-instruct-2507,1.00,qwen3-30b-a3b-instruct-2507,0.95,qwen3-30b-a3b-instruct-2507,0.75
161,163,"Nations should prioritize centralized nuclear fission because it provides high-density, weather-independent baseload power that requires minimal land footprint compared to alternative energies.","Nations should prioritize decentralized renewable microgrids because they deploy rapidly, eliminate catastrophic meltdown liabilities, avoid long-term toxic waste management, and democratize grid resilience.",A,meta-llama-3.1-8b-instruct,gemma-4-31b-it,yes,gemma-4-31b-it,0.85,meta-llama-3.1-8b-instruct,0.95,gemma-4-31b-it,0.70
161,163,"Nations should prioritize centralized nuclear fission because it provides high-density, weather-independent baseload power that requires minimal land footprint compared to alternative energies.","Nations should prioritize decentralized renewable microgrids because they deploy rapidly, eliminate catastrophic meltdown liabilities, avoid long-term toxic waste management, and democratize grid resilience.",B,gemma-4-31b-it,meta-llama-3.1-8b-instruct,no,gemma-4-31b-it,1.00,gemma-4-31b-it,0.95,gemma-4-31b-it,0.75
162,164,"Nations should prioritize centralized nuclear fission because it provides high-density, weather-independent baseload power that requires minimal land footprint compared to alternative energies.","Nations should prioritize decentralized renewable microgrids because they deploy rapidly, eliminate catastrophic meltdown liabilities, avoid long-term toxic waste management, and democratize grid resilience.",A,meta-llama-3.1-8b-instruct,gemma-4-31b-it,no,gemma-4-31b-it,1.00,meta-llama-3.1-8b-instruct,0.95,gemma-4-31b-it,0.60
162,164,"Nations should prioritize centralized nuclear fission because it provides high-density, weather-independent baseload power that requires minimal land footprint compared to alternative energies.","Nations should prioritize decentralized renewable microgrids because they deploy rapidly, eliminate catastrophic meltdown liabilities, avoid long-term toxic waste management, and democratize grid resilience.",B,gemma-4-31b-it,meta-llama-3.1-8b-instruct,yes,gemma-4-31b-it,1.00,gemma-4-31b-it,0.95,gemma-4-31b-it,0.85
163,161,"Nations should prioritize centralized nuclear fission because it provides high-density, weather-independent baseload power that requires minimal land footprint compared to alternative energies.","Nations should prioritize decentralized renewable microgrids because they deploy rapidly, eliminate catastrophic meltdown liabilities, avoid long-term toxic waste management, and democratize grid resilience.",A,gemma-4-31b-it,meta-llama-3.1-8b-instruct,yes,gemma-4-31b-it,1.00,gemma-4-31b-it,0.95,gemma-4-31b-it,0.85
163,161,"Nations should prioritize centralized nuclear fission because it provides high-density, weather-independent baseload power that requires minimal land footprint compared to alternative energies.","Nations should prioritize decentralized renewable microgrids because they deploy rapidly, eliminate catastrophic meltdown liabilities, avoid long-term toxic waste management, and democratize grid resilience.",B,meta-llama-3.1-8b-instruct,gemma-4-31b-it,no,gemma-4-31b-it,1.00,meta-llama-3.1-8b-instruct,0.95,meta-llama-3.1-8b-instruct,0.75
164,162,"Nations should prioritize centralized nuclear fission because it provides high-density, weather-independent baseload power that requires minimal land footprint compared to alternative energies.","Nations should prioritize decentralized renewable microgrids because they deploy rapidly, eliminate catastrophic meltdown liabilities, avoid long-term toxic waste management, and democratize grid resilience.",A,gemma-4-31b-it,meta-llama-3.1-8b-instruct,no,gemma-4-31b-it,1.00,gemma-4-31b-it,0.95,gemma-4-31b-it,0.85
164,162,"Nations should prioritize centralized nuclear fission because it provides high-density, weather-independent baseload power that requires minimal land footprint compared to alternative energies.","Nations should prioritize decentralized renewable microgrids because they deploy rapidly, eliminate catastrophic meltdown liabilities, avoid long-term toxic waste management, and democratize grid resilience.",B,meta-llama-3.1-8b-instruct,gemma-4-31b-it,yes,gemma-4-31b-it,0.85,gemma-4-31b-it,0.95,meta-llama-3.1-8b-instruct,0.60
165,167,"Nations should prioritize centralized nuclear fission because it provides high-density, weather-independent baseload power that requires minimal land footprint compared to alternative energies.","Nations should prioritize decentralized renewable microgrids because they deploy rapidly, eliminate catastrophic meltdown liabilities, avoid long-term toxic waste management, and democratize grid resilience.",A,qwen3-30b-a3b-instruct-2507,gemma-4-31b-it,yes,gemma-4-31b-it,0.85,qwen3-30b-a3b-instruct-2507,0.95,qwen3-30b-a3b-instruct-2507,0.75
165,167,"Nations should prioritize centralized nuclear fission because it provides high-density, weather-independent baseload power that requires minimal land footprint compared to alternative energies.","Nations should prioritize decentralized renewable microgrids because they deploy rapidly, eliminate catastrophic meltdown liabilities, avoid long-term toxic waste management, and democratize grid resilience.",B,gemma-4-31b-it,qwen3-30b-a3b-instruct-2507,no,gemma-4-31b-it,0.85,gemma-4-31b-it,0.95,gemma-4-31b-it,0.75
166,168,"Nations should prioritize centralized nuclear fission because it provides high-density, weather-independent baseload power that requires minimal land footprint compared to alternative energies.","Nations should prioritize decentralized renewable microgrids because they deploy rapidly, eliminate catastrophic meltdown liabilities, avoid long-term toxic waste management, and democratize grid resilience.",A,qwen3-30b-a3b-instruct-2507,gemma-4-31b-it,no,gemma-4-31b-it,0.85,qwen3-30b-a3b-instruct-2507,0.95,qwen3-30b-a3b-instruct-2507,0.75
166,168,"Nations should prioritize centralized nuclear fission because it provides high-density, weather-independent baseload power that requires minimal land footprint compared to alternative energies.","Nations should prioritize decentralized renewable microgrids because they deploy rapidly, eliminate catastrophic meltdown liabilities, avoid long-term toxic waste management, and democratize grid resilience.",B,gemma-4-31b-it,qwen3-30b-a3b-instruct-2507,yes,qwen3-30b-a3b-instruct-2507,0.85,qwen3-30b-a3b-instruct-2507,0.95,gemma-4-31b-it,0.70
167,165,"Nations should prioritize centralized nuclear fission because it provides high-density, weather-independent baseload power that requires minimal land footprint compared to alternative energies.","Nations should prioritize decentralized renewable microgrids because they deploy rapidly, eliminate catastrophic meltdown liabilities, avoid long-term toxic waste management, and democratize grid resilience.",A,gemma-4-31b-it,qwen3-30b-a3b-instruct-2507,yes,gemma-4-31b-it,0.85,gemma-4-31b-it,0.95,gemma-4-31b-it,0.75
167,165,"Nations should prioritize centralized nuclear fission because it provides high-density, weather-independent baseload power that requires minimal land footprint compared to alternative energies.","Nations should prioritize decentralized renewable microgrids because they deploy rapidly, eliminate catastrophic meltdown liabilities, avoid long-term toxic waste management, and democratize grid resilience.",B,qwen3-30b-a3b-instruct-2507,gemma-4-31b-it,no,qwen3-30b-a3b-instruct-2507,0.85,qwen3-30b-a3b-instruct-2507,0.95,gemma-4-31b-it,0.60
168,166,"Nations should prioritize centralized nuclear fission because it provides high-density, weather-independent baseload power that requires minimal land footprint compared to alternative energies.","Nations should prioritize decentralized renewable microgrids because they deploy rapidly, eliminate catastrophic meltdown liabilities, avoid long-term toxic waste management, and democratize grid resilience.",A,gemma-4-31b-it,qwen3-30b-a3b-instruct-2507,no,gemma-4-31b-it,1.00,gemma-4-31b-it,0.95,gemma-4-31b-it,0.75
168,166,"Nations should prioritize centralized nuclear fission because it provides high-density, weather-independent baseload power that requires minimal land footprint compared to alternative energies.","Nations should prioritize decentralized renewable microgrids because they deploy rapidly, eliminate catastrophic meltdown liabilities, avoid long-term toxic waste management, and democratize grid resilience.",B,qwen3-30b-a3b-instruct-2507,gemma-4-31b-it,yes,qwen3-30b-a3b-instruct-2507,1.00,qwen3-30b-a3b-instruct-2507,0.95,qwen3-30b-a3b-instruct-2507,0.75
169,171,"Funding should prioritize deep-sea exploration because the oceans yield immediate biomedical discoveries, contain critical mineral resources, and are vital to mitigating Earth's current climate crisis.","Funding should prioritize space exploration because it provides long-term existential insurance for humanity, accesses limitless off-world resources, and drives foundational breakthroughs in physics and engineering.",A,apertus-70b-instruct-2509,meta-llama-3.1-8b-instruct,yes,apertus-70b-instruct-2509,1.00,apertus-70b-instruct-2509,0.95,apertus-70b-instruct-2509,0.75
169,171,"Funding should prioritize deep-sea exploration because the oceans yield immediate biomedical discoveries, contain critical mineral resources, and are vital to mitigating Earth's current climate crisis.","Funding should prioritize space exploration because it provides long-term existential insurance for humanity, accesses limitless off-world resources, and drives foundational breakthroughs in physics and engineering.",B,meta-llama-3.1-8b-instruct,apertus-70b-instruct-2509,no,apertus-70b-instruct-2509,1.00,apertus-70b-instruct-2509,0.95,apertus-70b-instruct-2509,0.60
170,172,"Funding should prioritize deep-sea exploration because the oceans yield immediate biomedical discoveries, contain critical mineral resources, and are vital to mitigating Earth's current climate crisis.","Funding should prioritize space exploration because it provides long-term existential insurance for humanity, accesses limitless off-world resources, and drives foundational breakthroughs in physics and engineering.",A,apertus-70b-instruct-2509,meta-llama-3.1-8b-instruct,no,apertus-70b-instruct-2509,1.00,apertus-70b-instruct-2509,0.95,apertus-70b-instruct-2509,0.85
170,172,"Funding should prioritize deep-sea exploration because the oceans yield immediate biomedical discoveries, contain critical mineral resources, and are vital to mitigating Earth's current climate crisis.","Funding should prioritize space exploration because it provides long-term existential insurance for humanity, accesses limitless off-world resources, and drives foundational breakthroughs in physics and engineering.",B,meta-llama-3.1-8b-instruct,apertus-70b-instruct-2509,yes,apertus-70b-instruct-2509,1.00,apertus-70b-instruct-2509,0.95,apertus-70b-instruct-2509,0.70
171,169,"Funding should prioritize deep-sea exploration because the oceans yield immediate biomedical discoveries, contain critical mineral resources, and are vital to mitigating Earth's current climate crisis.","Funding should prioritize space exploration because it provides long-term existential insurance for humanity, accesses limitless off-world resources, and drives foundational breakthroughs in physics and engineering.",A,meta-llama-3.1-8b-instruct,apertus-70b-instruct-2509,yes,apertus-70b-instruct-2509,0.85,apertus-70b-instruct-2509,0.95,apertus-70b-instruct-2509,0.70
171,169,"Funding should prioritize deep-sea exploration because the oceans yield immediate biomedical discoveries, contain critical mineral resources, and are vital to mitigating Earth's current climate crisis.","Funding should prioritize space exploration because it provides long-term existential insurance for humanity, accesses limitless off-world resources, and drives foundational breakthroughs in physics and engineering.",B,apertus-70b-instruct-2509,meta-llama-3.1-8b-instruct,no,apertus-70b-instruct-2509,1.00,meta-llama-3.1-8b-instruct,0.95,apertus-70b-instruct-2509,0.70
172,170,"Funding should prioritize deep-sea exploration because the oceans yield immediate biomedical discoveries, contain critical mineral resources, and are vital to mitigating Earth's current climate crisis.","Funding should prioritize space exploration because it provides long-term existential insurance for humanity, accesses limitless off-world resources, and drives foundational breakthroughs in physics and engineering.",A,meta-llama-3.1-8b-instruct,apertus-70b-instruct-2509,no,apertus-70b-instruct-2509,1.00,apertus-70b-instruct-2509,0.95,apertus-70b-instruct-2509,0.75
172,170,"Funding should prioritize deep-sea exploration because the oceans yield immediate biomedical discoveries, contain critical mineral resources, and are vital to mitigating Earth's current climate crisis.","Funding should prioritize space exploration because it provides long-term existential insurance for humanity, accesses limitless off-world resources, and drives foundational breakthroughs in physics and engineering.",B,apertus-70b-instruct-2509,meta-llama-3.1-8b-instruct,yes,apertus-70b-instruct-2509,1.00,meta-llama-3.1-8b-instruct,0.95,apertus-70b-instruct-2509,0.75
173,175,"Funding should prioritize deep-sea exploration because the oceans yield immediate biomedical discoveries, contain critical mineral resources, and are vital to mitigating Earth's current climate crisis.","Funding should prioritize space exploration because it provides long-term existential insurance for humanity, accesses limitless off-world resources, and drives foundational breakthroughs in physics and engineering.",A,apertus-70b-instruct-2509,qwen3-30b-a3b-instruct-2507,yes,qwen3-30b-a3b-instruct-2507,1.00,apertus-70b-instruct-2509,0.95,qwen3-30b-a3b-instruct-2507,0.60
173,175,"Funding should prioritize deep-sea exploration because the oceans yield immediate biomedical discoveries, contain critical mineral resources, and are vital to mitigating Earth's current climate crisis.","Funding should prioritize space exploration because it provides long-term existential insurance for humanity, accesses limitless off-world resources, and drives foundational breakthroughs in physics and engineering.",B,qwen3-30b-a3b-instruct-2507,apertus-70b-instruct-2509,no,qwen3-30b-a3b-instruct-2507,1.00,apertus-70b-instruct-2509,0.95,apertus-70b-instruct-2509,0.60
174,176,"Funding should prioritize deep-sea exploration because the oceans yield immediate biomedical discoveries, contain critical mineral resources, and are vital to mitigating Earth's current climate crisis.","Funding should prioritize space exploration because it provides long-term existential insurance for humanity, accesses limitless off-world resources, and drives foundational breakthroughs in physics and engineering.",A,apertus-70b-instruct-2509,qwen3-30b-a3b-instruct-2507,no,qwen3-30b-a3b-instruct-2507,1.00,apertus-70b-instruct-2509,0.95,qwen3-30b-a3b-instruct-2507,0.60
174,176,"Funding should prioritize deep-sea exploration because the oceans yield immediate biomedical discoveries, contain critical mineral resources, and are vital to mitigating Earth's current climate crisis.","Funding should prioritize space exploration because it provides long-term existential insurance for humanity, accesses limitless off-world resources, and drives foundational breakthroughs in physics and engineering.",B,qwen3-30b-a3b-instruct-2507,apertus-70b-instruct-2509,yes,qwen3-30b-a3b-instruct-2507,1.00,apertus-70b-instruct-2509,0.95,qwen3-30b-a3b-instruct-2507,0.75
175,173,"Funding should prioritize deep-sea exploration because the oceans yield immediate biomedical discoveries, contain critical mineral resources, and are vital to mitigating Earth's current climate crisis.","Funding should prioritize space exploration because it provides long-term existential insurance for humanity, accesses limitless off-world resources, and drives foundational breakthroughs in physics and engineering.",A,qwen3-30b-a3b-instruct-2507,apertus-70b-instruct-2509,yes,qwen3-30b-a3b-instruct-2507,1.00,qwen3-30b-a3b-instruct-2507,0.95,qwen3-30b-a3b-instruct-2507,0.75
175,173,"Funding should prioritize deep-sea exploration because the oceans yield immediate biomedical discoveries, contain critical mineral resources, and are vital to mitigating Earth's current climate crisis.","Funding should prioritize space exploration because it provides long-term existential insurance for humanity, accesses limitless off-world resources, and drives foundational breakthroughs in physics and engineering.",B,apertus-70b-instruct-2509,qwen3-30b-a3b-instruct-2507,no,qwen3-30b-a3b-instruct-2507,0.80,qwen3-30b-a3b-instruct-2507,0.95,apertus-70b-instruct-2509,0.60
176,174,"Funding should prioritize deep-sea exploration because the oceans yield immediate biomedical discoveries, contain critical mineral resources, and are vital to mitigating Earth's current climate crisis.","Funding should prioritize space exploration because it provides long-term existential insurance for humanity, accesses limitless off-world resources, and drives foundational breakthroughs in physics and engineering.",A,qwen3-30b-a3b-instruct-2507,apertus-70b-instruct-2509,no,qwen3-30b-a3b-instruct-2507,1.00,apertus-70b-instruct-2509,0.95,qwen3-30b-a3b-instruct-2507,0.75
176,174,"Funding should prioritize deep-sea exploration because the oceans yield immediate biomedical discoveries, contain critical mineral resources, and are vital to mitigating Earth's current climate crisis.","Funding should prioritize space exploration because it provides long-term existential insurance for humanity, accesses limitless off-world resources, and drives foundational breakthroughs in physics and engineering.",B,apertus-70b-instruct-2509,qwen3-30b-a3b-instruct-2507,yes,qwen3-30b-a3b-instruct-2507,1.00,qwen3-30b-a3b-instruct-2507,0.95,qwen3-30b-a3b-instruct-2507,0.60
177,179,"Funding should prioritize deep-sea exploration because the oceans yield immediate biomedical discoveries, contain critical mineral resources, and are vital to mitigating Earth's current climate crisis.","Funding should prioritize space exploration because it provides long-term existential insurance for humanity, accesses limitless off-world resources, and drives foundational breakthroughs in physics and engineering.",A,apertus-70b-instruct-2509,gemma-4-31b-it,yes,gemma-4-31b-it,0.85,apertus-70b-instruct-2509,0.95,apertus-70b-instruct-2509,0.60
177,179,"Funding should prioritize deep-sea exploration because the oceans yield immediate biomedical discoveries, contain critical mineral resources, and are vital to mitigating Earth's current climate crisis.","Funding should prioritize space exploration because it provides long-term existential insurance for humanity, accesses limitless off-world resources, and drives foundational breakthroughs in physics and engineering.",B,gemma-4-31b-it,apertus-70b-instruct-2509,no,gemma-4-31b-it,0.90,apertus-70b-instruct-2509,0.95,gemma-4-31b-it,0.70
178,180,"Funding should prioritize deep-sea exploration because the oceans yield immediate biomedical discoveries, contain critical mineral resources, and are vital to mitigating Earth's current climate crisis.","Funding should prioritize space exploration because it provides long-term existential insurance for humanity, accesses limitless off-world resources, and drives foundational breakthroughs in physics and engineering.",A,apertus-70b-instruct-2509,gemma-4-31b-it,no,gemma-4-31b-it,0.85,apertus-70b-instruct-2509,0.95,gemma-4-31b-it,0.75
178,180,"Funding should prioritize deep-sea exploration because the oceans yield immediate biomedical discoveries, contain critical mineral resources, and are vital to mitigating Earth's current climate crisis.","Funding should prioritize space exploration because it provides long-term existential insurance for humanity, accesses limitless off-world resources, and drives foundational breakthroughs in physics and engineering.",B,gemma-4-31b-it,apertus-70b-instruct-2509,yes,gemma-4-31b-it,0.90,apertus-70b-instruct-2509,0.95,gemma-4-31b-it,0.75
179,177,"Funding should prioritize deep-sea exploration because the oceans yield immediate biomedical discoveries, contain critical mineral resources, and are vital to mitigating Earth's current climate crisis.","Funding should prioritize space exploration because it provides long-term existential insurance for humanity, accesses limitless off-world resources, and drives foundational breakthroughs in physics and engineering.",A,gemma-4-31b-it,apertus-70b-instruct-2509,yes,gemma-4-31b-it,0.90,gemma-4-31b-it,0.95,gemma-4-31b-it,0.75
179,177,"Funding should prioritize deep-sea exploration because the oceans yield immediate biomedical discoveries, contain critical mineral resources, and are vital to mitigating Earth's current climate crisis.","Funding should prioritize space exploration because it provides long-term existential insurance for humanity, accesses limitless off-world resources, and drives foundational breakthroughs in physics and engineering.",B,apertus-70b-instruct-2509,gemma-4-31b-it,no,gemma-4-31b-it,0.85,gemma-4-31b-it,0.95,gemma-4-31b-it,0.60
180,178,"Funding should prioritize deep-sea exploration because the oceans yield immediate biomedical discoveries, contain critical mineral resources, and are vital to mitigating Earth's current climate crisis.","Funding should prioritize space exploration because it provides long-term existential insurance for humanity, accesses limitless off-world resources, and drives foundational breakthroughs in physics and engineering.",A,gemma-4-31b-it,apertus-70b-instruct-2509,no,gemma-4-31b-it,1.00,gemma-4-31b-it,0.95,gemma-4-31b-it,0.70
180,178,"Funding should prioritize deep-sea exploration because the oceans yield immediate biomedical discoveries, contain critical mineral resources, and are vital to mitigating Earth's current climate crisis.","Funding should prioritize space exploration because it provides long-term existential insurance for humanity, accesses limitless off-world resources, and drives foundational breakthroughs in physics and engineering.",B,apertus-70b-instruct-2509,gemma-4-31b-it,yes,gemma-4-31b-it,0.85,gemma-4-31b-it,0.95,gemma-4-31b-it,0.75
181,183,"Funding should prioritize deep-sea exploration because the oceans yield immediate biomedical discoveries, contain critical mineral resources, and are vital to mitigating Earth's current climate crisis.","Funding should prioritize space exploration because it provides long-term existential insurance for humanity, accesses limitless off-world resources, and drives foundational breakthroughs in physics and engineering.",A,meta-llama-3.1-8b-instruct,qwen3-30b-a3b-instruct-2507,yes,qwen3-30b-a3b-instruct-2507,1.00,qwen3-30b-a3b-instruct-2507,0.95,qwen3-30b-a3b-instruct-2507,0.75
181,183,"Funding should prioritize deep-sea exploration because the oceans yield immediate biomedical discoveries, contain critical mineral resources, and are vital to mitigating Earth's current climate crisis.","Funding should prioritize space exploration because it provides long-term existential insurance for humanity, accesses limitless off-world resources, and drives foundational breakthroughs in physics and engineering.",B,qwen3-30b-a3b-instruct-2507,meta-llama-3.1-8b-instruct,no,qwen3-30b-a3b-instruct-2507,1.00,meta-llama-3.1-8b-instruct,0.95,qwen3-30b-a3b-instruct-2507,0.75
182,184,"Funding should prioritize deep-sea exploration because the oceans yield immediate biomedical discoveries, contain critical mineral resources, and are vital to mitigating Earth's current climate crisis.","Funding should prioritize space exploration because it provides long-term existential insurance for humanity, accesses limitless off-world resources, and drives foundational breakthroughs in physics and engineering.",A,meta-llama-3.1-8b-instruct,qwen3-30b-a3b-instruct-2507,no,qwen3-30b-a3b-instruct-2507,1.00,qwen3-30b-a3b-instruct-2507,0.95,qwen3-30b-a3b-instruct-2507,0.70
182,184,"Funding should prioritize deep-sea exploration because the oceans yield immediate biomedical discoveries, contain critical mineral resources, and are vital to mitigating Earth's current climate crisis.","Funding should prioritize space exploration because it provides long-term existential insurance for humanity, accesses limitless off-world resources, and drives foundational breakthroughs in physics and engineering.",B,qwen3-30b-a3b-instruct-2507,meta-llama-3.1-8b-instruct,yes,qwen3-30b-a3b-instruct-2507,1.00,meta-llama-3.1-8b-instruct,0.95,qwen3-30b-a3b-instruct-2507,0.75
183,181,"Funding should prioritize deep-sea exploration because the oceans yield immediate biomedical discoveries, contain critical mineral resources, and are vital to mitigating Earth's current climate crisis.","Funding should prioritize space exploration because it provides long-term existential insurance for humanity, accesses limitless off-world resources, and drives foundational breakthroughs in physics and engineering.",A,qwen3-30b-a3b-instruct-2507,meta-llama-3.1-8b-instruct,yes,qwen3-30b-a3b-instruct-2507,1.00,qwen3-30b-a3b-instruct-2507,0.95,qwen3-30b-a3b-instruct-2507,0.85
183,181,"Funding should prioritize deep-sea exploration because the oceans yield immediate biomedical discoveries, contain critical mineral resources, and are vital to mitigating Earth's current climate crisis.","Funding should prioritize space exploration because it provides long-term existential insurance for humanity, accesses limitless off-world resources, and drives foundational breakthroughs in physics and engineering.",B,meta-llama-3.1-8b-instruct,qwen3-30b-a3b-instruct-2507,no,qwen3-30b-a3b-instruct-2507,1.00,qwen3-30b-a3b-instruct-2507,0.95,qwen3-30b-a3b-instruct-2507,0.75
184,182,"Funding should prioritize deep-sea exploration because the oceans yield immediate biomedical discoveries, contain critical mineral resources, and are vital to mitigating Earth's current climate crisis.","Funding should prioritize space exploration because it provides long-term existential insurance for humanity, accesses limitless off-world resources, and drives foundational breakthroughs in physics and engineering.",A,qwen3-30b-a3b-instruct-2507,meta-llama-3.1-8b-instruct,no,qwen3-30b-a3b-instruct-2507,1.00,qwen3-30b-a3b-instruct-2507,0.95,qwen3-30b-a3b-instruct-2507,0.85
184,182,"Funding should prioritize deep-sea exploration because the oceans yield immediate biomedical discoveries, contain critical mineral resources, and are vital to mitigating Earth's current climate crisis.","Funding should prioritize space exploration because it provides long-term existential insurance for humanity, accesses limitless off-world resources, and drives foundational breakthroughs in physics and engineering.",B,meta-llama-3.1-8b-instruct,qwen3-30b-a3b-instruct-2507,yes,qwen3-30b-a3b-instruct-2507,0.90,qwen3-30b-a3b-instruct-2507,0.95,qwen3-30b-a3b-instruct-2507,0.70
185,187,"Funding should prioritize deep-sea exploration because the oceans yield immediate biomedical discoveries, contain critical mineral resources, and are vital to mitigating Earth's current climate crisis.","Funding should prioritize space exploration because it provides long-term existential insurance for humanity, accesses limitless off-world resources, and drives foundational breakthroughs in physics and engineering.",A,meta-llama-3.1-8b-instruct,gemma-4-31b-it,yes,gemma-4-31b-it,0.85,meta-llama-3.1-8b-instruct,0.95,gemma-4-31b-it,0.60
185,187,"Funding should prioritize deep-sea exploration because the oceans yield immediate biomedical discoveries, contain critical mineral resources, and are vital to mitigating Earth's current climate crisis.","Funding should prioritize space exploration because it provides long-term existential insurance for humanity, accesses limitless off-world resources, and drives foundational breakthroughs in physics and engineering.",B,gemma-4-31b-it,meta-llama-3.1-8b-instruct,no,gemma-4-31b-it,0.95,meta-llama-3.1-8b-instruct,0.95,gemma-4-31b-it,0.85
186,188,"Funding should prioritize deep-sea exploration because the oceans yield immediate biomedical discoveries, contain critical mineral resources, and are vital to mitigating Earth's current climate crisis.","Funding should prioritize space exploration because it provides long-term existential insurance for humanity, accesses limitless off-world resources, and drives foundational breakthroughs in physics and engineering.",A,meta-llama-3.1-8b-instruct,gemma-4-31b-it,no,gemma-4-31b-it,1.00,meta-llama-3.1-8b-instruct,0.95,meta-llama-3.1-8b-instruct,0.75
186,188,"Funding should prioritize deep-sea exploration because the oceans yield immediate biomedical discoveries, contain critical mineral resources, and are vital to mitigating Earth's current climate crisis.","Funding should prioritize space exploration because it provides long-term existential insurance for humanity, accesses limitless off-world resources, and drives foundational breakthroughs in physics and engineering.",B,gemma-4-31b-it,meta-llama-3.1-8b-instruct,yes,gemma-4-31b-it,0.90,gemma-4-31b-it,0.95,gemma-4-31b-it,0.85
187,185,"Funding should prioritize deep-sea exploration because the oceans yield immediate biomedical discoveries, contain critical mineral resources, and are vital to mitigating Earth's current climate crisis.","Funding should prioritize space exploration because it provides long-term existential insurance for humanity, accesses limitless off-world resources, and drives foundational breakthroughs in physics and engineering.",A,gemma-4-31b-it,meta-llama-3.1-8b-instruct,yes,gemma-4-31b-it,1.00,gemma-4-31b-it,0.95,gemma-4-31b-it,0.85
187,185,"Funding should prioritize deep-sea exploration because the oceans yield immediate biomedical discoveries, contain critical mineral resources, and are vital to mitigating Earth's current climate crisis.","Funding should prioritize space exploration because it provides long-term existential insurance for humanity, accesses limitless off-world resources, and drives foundational breakthroughs in physics and engineering.",B,meta-llama-3.1-8b-instruct,gemma-4-31b-it,no,gemma-4-31b-it,0.90,meta-llama-3.1-8b-instruct,0.95,gemma-4-31b-it,0.75
188,186,"Funding should prioritize deep-sea exploration because the oceans yield immediate biomedical discoveries, contain critical mineral resources, and are vital to mitigating Earth's current climate crisis.","Funding should prioritize space exploration because it provides long-term existential insurance for humanity, accesses limitless off-world resources, and drives foundational breakthroughs in physics and engineering.",A,gemma-4-31b-it,meta-llama-3.1-8b-instruct,no,gemma-4-31b-it,1.00,gemma-4-31b-it,0.95,gemma-4-31b-it,0.75
188,186,"Funding should prioritize deep-sea exploration because the oceans yield immediate biomedical discoveries, contain critical mineral resources, and are vital to mitigating Earth's current climate crisis.","Funding should prioritize space exploration because it provides long-term existential insurance for humanity, accesses limitless off-world resources, and drives foundational breakthroughs in physics and engineering.",B,meta-llama-3.1-8b-instruct,gemma-4-31b-it,yes,gemma-4-31b-it,0.90,gemma-4-31b-it,0.95,gemma-4-31b-it,0.75
189,191,"Funding should prioritize deep-sea exploration because the oceans yield immediate biomedical discoveries, contain critical mineral resources, and are vital to mitigating Earth's current climate crisis.","Funding should prioritize space exploration because it provides long-term existential insurance for humanity, accesses limitless off-world resources, and drives foundational breakthroughs in physics and engineering.",A,qwen3-30b-a3b-instruct-2507,gemma-4-31b-it,yes,qwen3-30b-a3b-instruct-2507,0.85,qwen3-30b-a3b-instruct-2507,0.95,gemma-4-31b-it,0.60
189,191,"Funding should prioritize deep-sea exploration because the oceans yield immediate biomedical discoveries, contain critical mineral resources, and are vital to mitigating Earth's current climate crisis.","Funding should prioritize space exploration because it provides long-term existential insurance for humanity, accesses limitless off-world resources, and drives foundational breakthroughs in physics and engineering.",B,gemma-4-31b-it,qwen3-30b-a3b-instruct-2507,no,gemma-4-31b-it,0.85,qwen3-30b-a3b-instruct-2507,0.95,gemma-4-31b-it,0.75
190,192,"Funding should prioritize deep-sea exploration because the oceans yield immediate biomedical discoveries, contain critical mineral resources, and are vital to mitigating Earth's current climate crisis.","Funding should prioritize space exploration because it provides long-term existential insurance for humanity, accesses limitless off-world resources, and drives foundational breakthroughs in physics and engineering.",A,qwen3-30b-a3b-instruct-2507,gemma-4-31b-it,no,qwen3-30b-a3b-instruct-2507,1.00,gemma-4-31b-it,0.95,qwen3-30b-a3b-instruct-2507,0.60
190,192,"Funding should prioritize deep-sea exploration because the oceans yield immediate biomedical discoveries, contain critical mineral resources, and are vital to mitigating Earth's current climate crisis.","Funding should prioritize space exploration because it provides long-term existential insurance for humanity, accesses limitless off-world resources, and drives foundational breakthroughs in physics and engineering.",B,gemma-4-31b-it,qwen3-30b-a3b-instruct-2507,yes,gemma-4-31b-it,0.85,qwen3-30b-a3b-instruct-2507,0.95,gemma-4-31b-it,0.65
191,189,"Funding should prioritize deep-sea exploration because the oceans yield immediate biomedical discoveries, contain critical mineral resources, and are vital to mitigating Earth's current climate crisis.","Funding should prioritize space exploration because it provides long-term existential insurance for humanity, accesses limitless off-world resources, and drives foundational breakthroughs in physics and engineering.",A,gemma-4-31b-it,qwen3-30b-a3b-instruct-2507,yes,gemma-4-31b-it,1.00,gemma-4-31b-it,0.95,gemma-4-31b-it,0.75
191,189,"Funding should prioritize deep-sea exploration because the oceans yield immediate biomedical discoveries, contain critical mineral resources, and are vital to mitigating Earth's current climate crisis.","Funding should prioritize space exploration because it provides long-term existential insurance for humanity, accesses limitless off-world resources, and drives foundational breakthroughs in physics and engineering.",B,qwen3-30b-a3b-instruct-2507,gemma-4-31b-it,no,qwen3-30b-a3b-instruct-2507,0.85,gemma-4-31b-it,0.95,gemma-4-31b-it,0.60
192,190,"Funding should prioritize deep-sea exploration because the oceans yield immediate biomedical discoveries, contain critical mineral resources, and are vital to mitigating Earth's current climate crisis.","Funding should prioritize space exploration because it provides long-term existential insurance for humanity, accesses limitless off-world resources, and drives foundational breakthroughs in physics and engineering.",A,gemma-4-31b-it,qwen3-30b-a3b-instruct-2507,no,gemma-4-31b-it,1.00,gemma-4-31b-it,0.95,gemma-4-31b-it,0.75
192,190,"Funding should prioritize deep-sea exploration because the oceans yield immediate biomedical discoveries, contain critical mineral resources, and are vital to mitigating Earth's current climate crisis.","Funding should prioritize space exploration because it provides long-term existential insurance for humanity, accesses limitless off-world resources, and drives foundational breakthroughs in physics and engineering.",B,qwen3-30b-a3b-instruct-2507,gemma-4-31b-it,yes,qwen3-30b-a3b-instruct-2507,0.80,gemma-4-31b-it,0.95,qwen3-30b-a3b-instruct-2507,0.70
193,195,"Organizations should prefer multi-country co-hosting because it distributes massive financial liabilities, utilizes existing regional infrastructure, and fosters cross-border diplomatic cooperation.","Organizations should prefer single-nation hosting because it ensures logistical and regulatory cohesion, eliminates cross-border immigration friction for fans, and preserves a unified cultural identity for the event.",A,apertus-70b-instruct-2509,meta-llama-3.1-8b-instruct,yes,apertus-70b-instruct-2509,1.00,apertus-70b-instruct-2509,0.95,apertus-70b-instruct-2509,0.70
193,195,"Organizations should prefer multi-country co-hosting because it distributes massive financial liabilities, utilizes existing regional infrastructure, and fosters cross-border diplomatic cooperation.","Organizations should prefer single-nation hosting because it ensures logistical and regulatory cohesion, eliminates cross-border immigration friction for fans, and preserves a unified cultural identity for the event.",B,meta-llama-3.1-8b-instruct,apertus-70b-instruct-2509,no,apertus-70b-instruct-2509,1.00,apertus-70b-instruct-2509,0.95,apertus-70b-instruct-2509,0.60
194,196,"Organizations should prefer multi-country co-hosting because it distributes massive financial liabilities, utilizes existing regional infrastructure, and fosters cross-border diplomatic cooperation.","Organizations should prefer single-nation hosting because it ensures logistical and regulatory cohesion, eliminates cross-border immigration friction for fans, and preserves a unified cultural identity for the event.",A,apertus-70b-instruct-2509,meta-llama-3.1-8b-instruct,no,apertus-70b-instruct-2509,1.00,apertus-70b-instruct-2509,0.95,apertus-70b-instruct-2509,0.70
194,196,"Organizations should prefer multi-country co-hosting because it distributes massive financial liabilities, utilizes existing regional infrastructure, and fosters cross-border diplomatic cooperation.","Organizations should prefer single-nation hosting because it ensures logistical and regulatory cohesion, eliminates cross-border immigration friction for fans, and preserves a unified cultural identity for the event.",B,meta-llama-3.1-8b-instruct,apertus-70b-instruct-2509,yes,apertus-70b-instruct-2509,1.00,apertus-70b-instruct-2509,0.95,apertus-70b-instruct-2509,0.60
195,193,"Organizations should prefer multi-country co-hosting because it distributes massive financial liabilities, utilizes existing regional infrastructure, and fosters cross-border diplomatic cooperation.","Organizations should prefer single-nation hosting because it ensures logistical and regulatory cohesion, eliminates cross-border immigration friction for fans, and preserves a unified cultural identity for the event.",A,meta-llama-3.1-8b-instruct,apertus-70b-instruct-2509,yes,apertus-70b-instruct-2509,0.80,apertus-70b-instruct-2509,0.95,apertus-70b-instruct-2509,0.60
195,193,"Organizations should prefer multi-country co-hosting because it distributes massive financial liabilities, utilizes existing regional infrastructure, and fosters cross-border diplomatic cooperation.","Organizations should prefer single-nation hosting because it ensures logistical and regulatory cohesion, eliminates cross-border immigration friction for fans, and preserves a unified cultural identity for the event.",B,apertus-70b-instruct-2509,meta-llama-3.1-8b-instruct,no,apertus-70b-instruct-2509,1.00,meta-llama-3.1-8b-instruct,0.95,apertus-70b-instruct-2509,0.70
196,194,"Organizations should prefer multi-country co-hosting because it distributes massive financial liabilities, utilizes existing regional infrastructure, and fosters cross-border diplomatic cooperation.","Organizations should prefer single-nation hosting because it ensures logistical and regulatory cohesion, eliminates cross-border immigration friction for fans, and preserves a unified cultural identity for the event.",A,meta-llama-3.1-8b-instruct,apertus-70b-instruct-2509,no,apertus-70b-instruct-2509,1.00,apertus-70b-instruct-2509,0.95,meta-llama-3.1-8b-instruct,0.60
196,194,"Organizations should prefer multi-country co-hosting because it distributes massive financial liabilities, utilizes existing regional infrastructure, and fosters cross-border diplomatic cooperation.","Organizations should prefer single-nation hosting because it ensures logistical and regulatory cohesion, eliminates cross-border immigration friction for fans, and preserves a unified cultural identity for the event.",B,apertus-70b-instruct-2509,meta-llama-3.1-8b-instruct,yes,apertus-70b-instruct-2509,1.00,meta-llama-3.1-8b-instruct,0.95,apertus-70b-instruct-2509,0.75
197,199,"Organizations should prefer multi-country co-hosting because it distributes massive financial liabilities, utilizes existing regional infrastructure, and fosters cross-border diplomatic cooperation.","Organizations should prefer single-nation hosting because it ensures logistical and regulatory cohesion, eliminates cross-border immigration friction for fans, and preserves a unified cultural identity for the event.",A,apertus-70b-instruct-2509,qwen3-30b-a3b-instruct-2507,yes,qwen3-30b-a3b-instruct-2507,1.00,apertus-70b-instruct-2509,0.95,apertus-70b-instruct-2509,0.75
197,199,"Organizations should prefer multi-country co-hosting because it distributes massive financial liabilities, utilizes existing regional infrastructure, and fosters cross-border diplomatic cooperation.","Organizations should prefer single-nation hosting because it ensures logistical and regulatory cohesion, eliminates cross-border immigration friction for fans, and preserves a unified cultural identity for the event.",B,qwen3-30b-a3b-instruct-2507,apertus-70b-instruct-2509,no,qwen3-30b-a3b-instruct-2507,1.00,apertus-70b-instruct-2509,0.95,qwen3-30b-a3b-instruct-2507,0.65
198,200,"Organizations should prefer multi-country co-hosting because it distributes massive financial liabilities, utilizes existing regional infrastructure, and fosters cross-border diplomatic cooperation.","Organizations should prefer single-nation hosting because it ensures logistical and regulatory cohesion, eliminates cross-border immigration friction for fans, and preserves a unified cultural identity for the event.",A,apertus-70b-instruct-2509,qwen3-30b-a3b-instruct-2507,no,qwen3-30b-a3b-instruct-2507,1.00,apertus-70b-instruct-2509,0.95,qwen3-30b-a3b-instruct-2507,0.60
198,200,"Organizations should prefer multi-country co-hosting because it distributes massive financial liabilities, utilizes existing regional infrastructure, and fosters cross-border diplomatic cooperation.","Organizations should prefer single-nation hosting because it ensures logistical and regulatory cohesion, eliminates cross-border immigration friction for fans, and preserves a unified cultural identity for the event.",B,qwen3-30b-a3b-instruct-2507,apertus-70b-instruct-2509,yes,qwen3-30b-a3b-instruct-2507,1.00,apertus-70b-instruct-2509,0.95,qwen3-30b-a3b-instruct-2507,0.75
199,197,"Organizations should prefer multi-country co-hosting because it distributes massive financial liabilities, utilizes existing regional infrastructure, and fosters cross-border diplomatic cooperation.","Organizations should prefer single-nation hosting because it ensures logistical and regulatory cohesion, eliminates cross-border immigration friction for fans, and preserves a unified cultural identity for the event.",A,qwen3-30b-a3b-instruct-2507,apertus-70b-instruct-2509,yes,qwen3-30b-a3b-instruct-2507,1.00,apertus-70b-instruct-2509,0.95,qwen3-30b-a3b-instruct-2507,0.75
199,197,"Organizations should prefer multi-country co-hosting because it distributes massive financial liabilities, utilizes existing regional infrastructure, and fosters cross-border diplomatic cooperation.","Organizations should prefer single-nation hosting because it ensures logistical and regulatory cohesion, eliminates cross-border immigration friction for fans, and preserves a unified cultural identity for the event.",B,apertus-70b-instruct-2509,qwen3-30b-a3b-instruct-2507,no,qwen3-30b-a3b-instruct-2507,1.00,qwen3-30b-a3b-instruct-2507,0.95,qwen3-30b-a3b-instruct-2507,0.60
200,198,"Organizations should prefer multi-country co-hosting because it distributes massive financial liabilities, utilizes existing regional infrastructure, and fosters cross-border diplomatic cooperation.","Organizations should prefer single-nation hosting because it ensures logistical and regulatory cohesion, eliminates cross-border immigration friction for fans, and preserves a unified cultural identity for the event.",A,qwen3-30b-a3b-instruct-2507,apertus-70b-instruct-2509,no,qwen3-30b-a3b-instruct-2507,1.00,apertus-70b-instruct-2509,0.95,qwen3-30b-a3b-instruct-2507,0.75
200,198,"Organizations should prefer multi-country co-hosting because it distributes massive financial liabilities, utilizes existing regional infrastructure, and fosters cross-border diplomatic cooperation.","Organizations should prefer single-nation hosting because it ensures logistical and regulatory cohesion, eliminates cross-border immigration friction for fans, and preserves a unified cultural identity for the event.",B,apertus-70b-instruct-2509,qwen3-30b-a3b-instruct-2507,yes,qwen3-30b-a3b-instruct-2507,1.00,qwen3-30b-a3b-instruct-2507,0.95,apertus-70b-instruct-2509,0.65
201,203,"Organizations should prefer multi-country co-hosting because it distributes massive financial liabilities, utilizes existing regional infrastructure, and fosters cross-border diplomatic cooperation.","Organizations should prefer single-nation hosting because it ensures logistical and regulatory cohesion, eliminates cross-border immigration friction for fans, and preserves a unified cultural identity for the event.",A,apertus-70b-instruct-2509,gemma-4-31b-it,yes,apertus-70b-instruct-2509,1.00,apertus-70b-instruct-2509,0.95,apertus-70b-instruct-2509,0.65
201,203,"Organizations should prefer multi-country co-hosting because it distributes massive financial liabilities, utilizes existing regional infrastructure, and fosters cross-border diplomatic cooperation.","Organizations should prefer single-nation hosting because it ensures logistical and regulatory cohesion, eliminates cross-border immigration friction for fans, and preserves a unified cultural identity for the event.",B,gemma-4-31b-it,apertus-70b-instruct-2509,no,gemma-4-31b-it,1.00,apertus-70b-instruct-2509,0.95,apertus-70b-instruct-2509,0.60
202,204,"Organizations should prefer multi-country co-hosting because it distributes massive financial liabilities, utilizes existing regional infrastructure, and fosters cross-border diplomatic cooperation.","Organizations should prefer single-nation hosting because it ensures logistical and regulatory cohesion, eliminates cross-border immigration friction for fans, and preserves a unified cultural identity for the event.",A,apertus-70b-instruct-2509,gemma-4-31b-it,no,apertus-70b-instruct-2509,1.00,apertus-70b-instruct-2509,0.95,apertus-70b-instruct-2509,0.75
202,204,"Organizations should prefer multi-country co-hosting because it distributes massive financial liabilities, utilizes existing regional infrastructure, and fosters cross-border diplomatic cooperation.","Organizations should prefer single-nation hosting because it ensures logistical and regulatory cohesion, eliminates cross-border immigration friction for fans, and preserves a unified cultural identity for the event.",B,gemma-4-31b-it,apertus-70b-instruct-2509,yes,gemma-4-31b-it,1.00,apertus-70b-instruct-2509,0.95,gemma-4-31b-it,0.75
203,201,"Organizations should prefer multi-country co-hosting because it distributes massive financial liabilities, utilizes existing regional infrastructure, and fosters cross-border diplomatic cooperation.","Organizations should prefer single-nation hosting because it ensures logistical and regulatory cohesion, eliminates cross-border immigration friction for fans, and preserves a unified cultural identity for the event.",A,gemma-4-31b-it,apertus-70b-instruct-2509,yes,gemma-4-31b-it,0.85,apertus-70b-instruct-2509,0.95,gemma-4-31b-it,0.75
203,201,"Organizations should prefer multi-country co-hosting because it distributes massive financial liabilities, utilizes existing regional infrastructure, and fosters cross-border diplomatic cooperation.","Organizations should prefer single-nation hosting because it ensures logistical and regulatory cohesion, eliminates cross-border immigration friction for fans, and preserves a unified cultural identity for the event.",B,apertus-70b-instruct-2509,gemma-4-31b-it,no,gemma-4-31b-it,1.00,gemma-4-31b-it,0.95,apertus-70b-instruct-2509,0.70
204,202,"Organizations should prefer multi-country co-hosting because it distributes massive financial liabilities, utilizes existing regional infrastructure, and fosters cross-border diplomatic cooperation.","Organizations should prefer single-nation hosting because it ensures logistical and regulatory cohesion, eliminates cross-border immigration friction for fans, and preserves a unified cultural identity for the event.",A,gemma-4-31b-it,apertus-70b-instruct-2509,no,gemma-4-31b-it,1.00,gemma-4-31b-it,0.95,gemma-4-31b-it,0.70
204,202,"Organizations should prefer multi-country co-hosting because it distributes massive financial liabilities, utilizes existing regional infrastructure, and fosters cross-border diplomatic cooperation.","Organizations should prefer single-nation hosting because it ensures logistical and regulatory cohesion, eliminates cross-border immigration friction for fans, and preserves a unified cultural identity for the event.",B,apertus-70b-instruct-2509,gemma-4-31b-it,yes,gemma-4-31b-it,1.00,gemma-4-31b-it,0.95,apertus-70b-instruct-2509,0.65
205,207,"Organizations should prefer multi-country co-hosting because it distributes massive financial liabilities, utilizes existing regional infrastructure, and fosters cross-border diplomatic cooperation.","Organizations should prefer single-nation hosting because it ensures logistical and regulatory cohesion, eliminates cross-border immigration friction for fans, and preserves a unified cultural identity for the event.",A,meta-llama-3.1-8b-instruct,qwen3-30b-a3b-instruct-2507,yes,qwen3-30b-a3b-instruct-2507,1.00,qwen3-30b-a3b-instruct-2507,0.95,qwen3-30b-a3b-instruct-2507,0.75
205,207,"Organizations should prefer multi-country co-hosting because it distributes massive financial liabilities, utilizes existing regional infrastructure, and fosters cross-border diplomatic cooperation.","Organizations should prefer single-nation hosting because it ensures logistical and regulatory cohesion, eliminates cross-border immigration friction for fans, and preserves a unified cultural identity for the event.",B,qwen3-30b-a3b-instruct-2507,meta-llama-3.1-8b-instruct,no,qwen3-30b-a3b-instruct-2507,1.00,meta-llama-3.1-8b-instruct,0.95,qwen3-30b-a3b-instruct-2507,0.75
206,208,"Organizations should prefer multi-country co-hosting because it distributes massive financial liabilities, utilizes existing regional infrastructure, and fosters cross-border diplomatic cooperation.","Organizations should prefer single-nation hosting because it ensures logistical and regulatory cohesion, eliminates cross-border immigration friction for fans, and preserves a unified cultural identity for the event.",A,meta-llama-3.1-8b-instruct,qwen3-30b-a3b-instruct-2507,no,qwen3-30b-a3b-instruct-2507,1.00,meta-llama-3.1-8b-instruct,0.95,qwen3-30b-a3b-instruct-2507,0.75
206,208,"Organizations should prefer multi-country co-hosting because it distributes massive financial liabilities, utilizes existing regional infrastructure, and fosters cross-border diplomatic cooperation.","Organizations should prefer single-nation hosting because it ensures logistical and regulatory cohesion, eliminates cross-border immigration friction for fans, and preserves a unified cultural identity for the event.",B,qwen3-30b-a3b-instruct-2507,meta-llama-3.1-8b-instruct,yes,qwen3-30b-a3b-instruct-2507,1.00,meta-llama-3.1-8b-instruct,0.95,qwen3-30b-a3b-instruct-2507,0.80
207,205,"Organizations should prefer multi-country co-hosting because it distributes massive financial liabilities, utilizes existing regional infrastructure, and fosters cross-border diplomatic cooperation.","Organizations should prefer single-nation hosting because it ensures logistical and regulatory cohesion, eliminates cross-border immigration friction for fans, and preserves a unified cultural identity for the event.",A,qwen3-30b-a3b-instruct-2507,meta-llama-3.1-8b-instruct,yes,qwen3-30b-a3b-instruct-2507,0.90,qwen3-30b-a3b-instruct-2507,0.95,qwen3-30b-a3b-instruct-2507,0.85
207,205,"Organizations should prefer multi-country co-hosting because it distributes massive financial liabilities, utilizes existing regional infrastructure, and fosters cross-border diplomatic cooperation.","Organizations should prefer single-nation hosting because it ensures logistical and regulatory cohesion, eliminates cross-border immigration friction for fans, and preserves a unified cultural identity for the event.",B,meta-llama-3.1-8b-instruct,qwen3-30b-a3b-instruct-2507,no,qwen3-30b-a3b-instruct-2507,1.00,qwen3-30b-a3b-instruct-2507,0.95,meta-llama-3.1-8b-instruct,0.60
208,206,"Organizations should prefer multi-country co-hosting because it distributes massive financial liabilities, utilizes existing regional infrastructure, and fosters cross-border diplomatic cooperation.","Organizations should prefer single-nation hosting because it ensures logistical and regulatory cohesion, eliminates cross-border immigration friction for fans, and preserves a unified cultural identity for the event.",A,qwen3-30b-a3b-instruct-2507,meta-llama-3.1-8b-instruct,no,qwen3-30b-a3b-instruct-2507,1.00,qwen3-30b-a3b-instruct-2507,0.95,qwen3-30b-a3b-instruct-2507,0.85
208,206,"Organizations should prefer multi-country co-hosting because it distributes massive financial liabilities, utilizes existing regional infrastructure, and fosters cross-border diplomatic cooperation.","Organizations should prefer single-nation hosting because it ensures logistical and regulatory cohesion, eliminates cross-border immigration friction for fans, and preserves a unified cultural identity for the event.",B,meta-llama-3.1-8b-instruct,qwen3-30b-a3b-instruct-2507,yes,qwen3-30b-a3b-instruct-2507,1.00,qwen3-30b-a3b-instruct-2507,0.95,qwen3-30b-a3b-instruct-2507,0.70
209,211,"Organizations should prefer multi-country co-hosting because it distributes massive financial liabilities, utilizes existing regional infrastructure, and fosters cross-border diplomatic cooperation.","Organizations should prefer single-nation hosting because it ensures logistical and regulatory cohesion, eliminates cross-border immigration friction for fans, and preserves a unified cultural identity for the event.",A,meta-llama-3.1-8b-instruct,gemma-4-31b-it,yes,gemma-4-31b-it,1.00,gemma-4-31b-it,0.95,gemma-4-31b-it,0.60
209,211,"Organizations should prefer multi-country co-hosting because it distributes massive financial liabilities, utilizes existing regional infrastructure, and fosters cross-border diplomatic cooperation.","Organizations should prefer single-nation hosting because it ensures logistical and regulatory cohesion, eliminates cross-border immigration friction for fans, and preserves a unified cultural identity for the event.",B,gemma-4-31b-it,meta-llama-3.1-8b-instruct,no,gemma-4-31b-it,1.00,meta-llama-3.1-8b-instruct,0.95,gemma-4-31b-it,0.85
210,212,"Organizations should prefer multi-country co-hosting because it distributes massive financial liabilities, utilizes existing regional infrastructure, and fosters cross-border diplomatic cooperation.","Organizations should prefer single-nation hosting because it ensures logistical and regulatory cohesion, eliminates cross-border immigration friction for fans, and preserves a unified cultural identity for the event.",A,meta-llama-3.1-8b-instruct,gemma-4-31b-it,no,gemma-4-31b-it,1.00,gemma-4-31b-it,0.95,meta-llama-3.1-8b-instruct,0.70
210,212,"Organizations should prefer multi-country co-hosting because it distributes massive financial liabilities, utilizes existing regional infrastructure, and fosters cross-border diplomatic cooperation.","Organizations should prefer single-nation hosting because it ensures logistical and regulatory cohesion, eliminates cross-border immigration friction for fans, and preserves a unified cultural identity for the event.",B,gemma-4-31b-it,meta-llama-3.1-8b-instruct,yes,gemma-4-31b-it,1.00,meta-llama-3.1-8b-instruct,0.95,gemma-4-31b-it,0.85
211,209,"Organizations should prefer multi-country co-hosting because it distributes massive financial liabilities, utilizes existing regional infrastructure, and fosters cross-border diplomatic cooperation.","Organizations should prefer single-nation hosting because it ensures logistical and regulatory cohesion, eliminates cross-border immigration friction for fans, and preserves a unified cultural identity for the event.",A,gemma-4-31b-it,meta-llama-3.1-8b-instruct,yes,gemma-4-31b-it,1.00,gemma-4-31b-it,0.95,gemma-4-31b-it,0.75
211,209,"Organizations should prefer multi-country co-hosting because it distributes massive financial liabilities, utilizes existing regional infrastructure, and fosters cross-border diplomatic cooperation.","Organizations should prefer single-nation hosting because it ensures logistical and regulatory cohesion, eliminates cross-border immigration friction for fans, and preserves a unified cultural identity for the event.",B,meta-llama-3.1-8b-instruct,gemma-4-31b-it,no,gemma-4-31b-it,1.00,meta-llama-3.1-8b-instruct,0.95,gemma-4-31b-it,0.75
212,210,"Organizations should prefer multi-country co-hosting because it distributes massive financial liabilities, utilizes existing regional infrastructure, and fosters cross-border diplomatic cooperation.","Organizations should prefer single-nation hosting because it ensures logistical and regulatory cohesion, eliminates cross-border immigration friction for fans, and preserves a unified cultural identity for the event.",A,gemma-4-31b-it,meta-llama-3.1-8b-instruct,no,gemma-4-31b-it,1.00,gemma-4-31b-it,0.95,gemma-4-31b-it,0.85
212,210,"Organizations should prefer multi-country co-hosting because it distributes massive financial liabilities, utilizes existing regional infrastructure, and fosters cross-border diplomatic cooperation.","Organizations should prefer single-nation hosting because it ensures logistical and regulatory cohesion, eliminates cross-border immigration friction for fans, and preserves a unified cultural identity for the event.",B,meta-llama-3.1-8b-instruct,gemma-4-31b-it,yes,gemma-4-31b-it,1.00,gemma-4-31b-it,0.95,gemma-4-31b-it,0.75
213,215,"Organizations should prefer multi-country co-hosting because it distributes massive financial liabilities, utilizes existing regional infrastructure, and fosters cross-border diplomatic cooperation.","Organizations should prefer single-nation hosting because it ensures logistical and regulatory cohesion, eliminates cross-border immigration friction for fans, and preserves a unified cultural identity for the event.",A,qwen3-30b-a3b-instruct-2507,gemma-4-31b-it,yes,qwen3-30b-a3b-instruct-2507,1.00,qwen3-30b-a3b-instruct-2507,0.95,qwen3-30b-a3b-instruct-2507,0.75
213,215,"Organizations should prefer multi-country co-hosting because it distributes massive financial liabilities, utilizes existing regional infrastructure, and fosters cross-border diplomatic cooperation.","Organizations should prefer single-nation hosting because it ensures logistical and regulatory cohesion, eliminates cross-border immigration friction for fans, and preserves a unified cultural identity for the event.",B,gemma-4-31b-it,qwen3-30b-a3b-instruct-2507,no,gemma-4-31b-it,1.00,qwen3-30b-a3b-instruct-2507,0.95,gemma-4-31b-it,0.75
214,216,"Organizations should prefer multi-country co-hosting because it distributes massive financial liabilities, utilizes existing regional infrastructure, and fosters cross-border diplomatic cooperation.","Organizations should prefer single-nation hosting because it ensures logistical and regulatory cohesion, eliminates cross-border immigration friction for fans, and preserves a unified cultural identity for the event.",A,qwen3-30b-a3b-instruct-2507,gemma-4-31b-it,no,qwen3-30b-a3b-instruct-2507,1.00,gemma-4-31b-it,0.95,qwen3-30b-a3b-instruct-2507,0.75
214,216,"Organizations should prefer multi-country co-hosting because it distributes massive financial liabilities, utilizes existing regional infrastructure, and fosters cross-border diplomatic cooperation.","Organizations should prefer single-nation hosting because it ensures logistical and regulatory cohesion, eliminates cross-border immigration friction for fans, and preserves a unified cultural identity for the event.",B,gemma-4-31b-it,qwen3-30b-a3b-instruct-2507,yes,gemma-4-31b-it,1.00,qwen3-30b-a3b-instruct-2507,0.95,gemma-4-31b-it,0.75
215,213,"Organizations should prefer multi-country co-hosting because it distributes massive financial liabilities, utilizes existing regional infrastructure, and fosters cross-border diplomatic cooperation.","Organizations should prefer single-nation hosting because it ensures logistical and regulatory cohesion, eliminates cross-border immigration friction for fans, and preserves a unified cultural identity for the event.",A,gemma-4-31b-it,qwen3-30b-a3b-instruct-2507,yes,gemma-4-31b-it,0.85,gemma-4-31b-it,0.95,gemma-4-31b-it,0.65
215,213,"Organizations should prefer multi-country co-hosting because it distributes massive financial liabilities, utilizes existing regional infrastructure, and fosters cross-border diplomatic cooperation.","Organizations should prefer single-nation hosting because it ensures logistical and regulatory cohesion, eliminates cross-border immigration friction for fans, and preserves a unified cultural identity for the event.",B,qwen3-30b-a3b-instruct-2507,gemma-4-31b-it,no,qwen3-30b-a3b-instruct-2507,1.00,gemma-4-31b-it,0.95,qwen3-30b-a3b-instruct-2507,0.75
216,214,"Organizations should prefer multi-country co-hosting because it distributes massive financial liabilities, utilizes existing regional infrastructure, and fosters cross-border diplomatic cooperation.","Organizations should prefer single-nation hosting because it ensures logistical and regulatory cohesion, eliminates cross-border immigration friction for fans, and preserves a unified cultural identity for the event.",A,gemma-4-31b-it,qwen3-30b-a3b-instruct-2507,no,gemma-4-31b-it,1.00,gemma-4-31b-it,0.95,gemma-4-31b-it,0.75
216,214,"Organizations should prefer multi-country co-hosting because it distributes massive financial liabilities, utilizes existing regional infrastructure, and fosters cross-border diplomatic cooperation.","Organizations should prefer single-nation hosting because it ensures logistical and regulatory cohesion, eliminates cross-border immigration friction for fans, and preserves a unified cultural identity for the event.",B,qwen3-30b-a3b-instruct-2507,gemma-4-31b-it,yes,qwen3-30b-a3b-instruct-2507,1.00,gemma-4-31b-it,0.95,qwen3-30b-a3b-instruct-2507,0.75
217,219,Platforms should verify political advertisements before publication because paid political reach can rapidly amplify manipulation and false claims.,"Platforms should avoid heavy pre-publication verification because it risks viewpoint discrimination, delays legitimate speech, and concentrates editorial power.",A,apertus-70b-instruct-2509,meta-llama-3.1-8b-instruct,yes,apertus-70b-instruct-2509,1.00,apertus-70b-instruct-2509,0.95,apertus-70b-instruct-2509,0.75
217,219,Platforms should verify political advertisements before publication because paid political reach can rapidly amplify manipulation and false claims.,"Platforms should avoid heavy pre-publication verification because it risks viewpoint discrimination, delays legitimate speech, and concentrates editorial power.",B,meta-llama-3.1-8b-instruct,apertus-70b-instruct-2509,no,apertus-70b-instruct-2509,1.00,apertus-70b-instruct-2509,0.95,apertus-70b-instruct-2509,0.60
218,220,Platforms should verify political advertisements before publication because paid political reach can rapidly amplify manipulation and false claims.,"Platforms should avoid heavy pre-publication verification because it risks viewpoint discrimination, delays legitimate speech, and concentrates editorial power.",A,apertus-70b-instruct-2509,meta-llama-3.1-8b-instruct,no,apertus-70b-instruct-2509,1.00,apertus-70b-instruct-2509,0.95,apertus-70b-instruct-2509,0.75
218,220,Platforms should verify political advertisements before publication because paid political reach can rapidly amplify manipulation and false claims.,"Platforms should avoid heavy pre-publication verification because it risks viewpoint discrimination, delays legitimate speech, and concentrates editorial power.",B,meta-llama-3.1-8b-instruct,apertus-70b-instruct-2509,yes,meta-llama-3.1-8b-instruct,0.80,apertus-70b-instruct-2509,0.95,apertus-70b-instruct-2509,0.60
219,217,Platforms should verify political advertisements before publication because paid political reach can rapidly amplify manipulation and false claims.,"Platforms should avoid heavy pre-publication verification because it risks viewpoint discrimination, delays legitimate speech, and concentrates editorial power.",A,meta-llama-3.1-8b-instruct,apertus-70b-instruct-2509,yes,apertus-70b-instruct-2509,1.00,apertus-70b-instruct-2509,0.95,apertus-70b-instruct-2509,0.80
219,217,Platforms should verify political advertisements before publication because paid political reach can rapidly amplify manipulation and false claims.,"Platforms should avoid heavy pre-publication verification because it risks viewpoint discrimination, delays legitimate speech, and concentrates editorial power.",B,apertus-70b-instruct-2509,meta-llama-3.1-8b-instruct,no,apertus-70b-instruct-2509,1.00,apertus-70b-instruct-2509,0.95,apertus-70b-instruct-2509,0.85
220,218,Platforms should verify political advertisements before publication because paid political reach can rapidly amplify manipulation and false claims.,"Platforms should avoid heavy pre-publication verification because it risks viewpoint discrimination, delays legitimate speech, and concentrates editorial power.",A,meta-llama-3.1-8b-instruct,apertus-70b-instruct-2509,no,apertus-70b-instruct-2509,1.00,meta-llama-3.1-8b-instruct,0.95,apertus-70b-instruct-2509,0.60
220,218,Platforms should verify political advertisements before publication because paid political reach can rapidly amplify manipulation and false claims.,"Platforms should avoid heavy pre-publication verification because it risks viewpoint discrimination, delays legitimate speech, and concentrates editorial power.",B,apertus-70b-instruct-2509,meta-llama-3.1-8b-instruct,yes,apertus-70b-instruct-2509,0.80,meta-llama-3.1-8b-instruct,0.95,apertus-70b-instruct-2509,0.70
221,223,Platforms should verify political advertisements before publication because paid political reach can rapidly amplify manipulation and false claims.,"Platforms should avoid heavy pre-publication verification because it risks viewpoint discrimination, delays legitimate speech, and concentrates editorial power.",A,apertus-70b-instruct-2509,qwen3-30b-a3b-instruct-2507,yes,apertus-70b-instruct-2509,1.00,apertus-70b-instruct-2509,0.95,qwen3-30b-a3b-instruct-2507,0.75
221,223,Platforms should verify political advertisements before publication because paid political reach can rapidly amplify manipulation and false claims.,"Platforms should avoid heavy pre-publication verification because it risks viewpoint discrimination, delays legitimate speech, and concentrates editorial power.",B,qwen3-30b-a3b-instruct-2507,apertus-70b-instruct-2509,no,qwen3-30b-a3b-instruct-2507,1.00,apertus-70b-instruct-2509,0.95,qwen3-30b-a3b-instruct-2507,0.70
222,224,Platforms should verify political advertisements before publication because paid political reach can rapidly amplify manipulation and false claims.,"Platforms should avoid heavy pre-publication verification because it risks viewpoint discrimination, delays legitimate speech, and concentrates editorial power.",A,apertus-70b-instruct-2509,qwen3-30b-a3b-instruct-2507,no,qwen3-30b-a3b-instruct-2507,0.80,apertus-70b-instruct-2509,0.95,apertus-70b-instruct-2509,0.70
222,224,Platforms should verify political advertisements before publication because paid political reach can rapidly amplify manipulation and false claims.,"Platforms should avoid heavy pre-publication verification because it risks viewpoint discrimination, delays legitimate speech, and concentrates editorial power.",B,qwen3-30b-a3b-instruct-2507,apertus-70b-instruct-2509,yes,qwen3-30b-a3b-instruct-2507,1.00,apertus-70b-instruct-2509,0.95,qwen3-30b-a3b-instruct-2507,0.75
223,221,Platforms should verify political advertisements before publication because paid political reach can rapidly amplify manipulation and false claims.,"Platforms should avoid heavy pre-publication verification because it risks viewpoint discrimination, delays legitimate speech, and concentrates editorial power.",A,qwen3-30b-a3b-instruct-2507,apertus-70b-instruct-2509,yes,qwen3-30b-a3b-instruct-2507,1.00,qwen3-30b-a3b-instruct-2507,0.95,qwen3-30b-a3b-instruct-2507,0.75
223,221,Platforms should verify political advertisements before publication because paid political reach can rapidly amplify manipulation and false claims.,"Platforms should avoid heavy pre-publication verification because it risks viewpoint discrimination, delays legitimate speech, and concentrates editorial power.",B,apertus-70b-instruct-2509,qwen3-30b-a3b-instruct-2507,no,qwen3-30b-a3b-instruct-2507,1.00,qwen3-30b-a3b-instruct-2507,0.95,qwen3-30b-a3b-instruct-2507,0.60
224,222,Platforms should verify political advertisements before publication because paid political reach can rapidly amplify manipulation and false claims.,"Platforms should avoid heavy pre-publication verification because it risks viewpoint discrimination, delays legitimate speech, and concentrates editorial power.",A,qwen3-30b-a3b-instruct-2507,apertus-70b-instruct-2509,no,qwen3-30b-a3b-instruct-2507,1.00,qwen3-30b-a3b-instruct-2507,0.95,qwen3-30b-a3b-instruct-2507,0.70
224,222,Platforms should verify political advertisements before publication because paid political reach can rapidly amplify manipulation and false claims.,"Platforms should avoid heavy pre-publication verification because it risks viewpoint discrimination, delays legitimate speech, and concentrates editorial power.",B,apertus-70b-instruct-2509,qwen3-30b-a3b-instruct-2507,yes,qwen3-30b-a3b-instruct-2507,1.00,qwen3-30b-a3b-instruct-2507,0.95,qwen3-30b-a3b-instruct-2507,0.60
225,227,Platforms should verify political advertisements before publication because paid political reach can rapidly amplify manipulation and false claims.,"Platforms should avoid heavy pre-publication verification because it risks viewpoint discrimination, delays legitimate speech, and concentrates editorial power.",A,apertus-70b-instruct-2509,gemma-4-31b-it,yes,gemma-4-31b-it,1.00,apertus-70b-instruct-2509,0.95,gemma-4-31b-it,0.75
225,227,Platforms should verify political advertisements before publication because paid political reach can rapidly amplify manipulation and false claims.,"Platforms should avoid heavy pre-publication verification because it risks viewpoint discrimination, delays legitimate speech, and concentrates editorial power.",B,gemma-4-31b-it,apertus-70b-instruct-2509,no,gemma-4-31b-it,1.00,apertus-70b-instruct-2509,0.95,gemma-4-31b-it,0.75
226,228,Platforms should verify political advertisements before publication because paid political reach can rapidly amplify manipulation and false claims.,"Platforms should avoid heavy pre-publication verification because it risks viewpoint discrimination, delays legitimate speech, and concentrates editorial power.",A,apertus-70b-instruct-2509,gemma-4-31b-it,no,apertus-70b-instruct-2509,1.00,apertus-70b-instruct-2509,0.95,apertus-70b-instruct-2509,0.75
226,228,Platforms should verify political advertisements before publication because paid political reach can rapidly amplify manipulation and false claims.,"Platforms should avoid heavy pre-publication verification because it risks viewpoint discrimination, delays legitimate speech, and concentrates editorial power.",B,gemma-4-31b-it,apertus-70b-instruct-2509,yes,gemma-4-31b-it,0.90,apertus-70b-instruct-2509,0.95,gemma-4-31b-it,0.75
227,225,Platforms should verify political advertisements before publication because paid political reach can rapidly amplify manipulation and false claims.,"Platforms should avoid heavy pre-publication verification because it risks viewpoint discrimination, delays legitimate speech, and concentrates editorial power.",A,gemma-4-31b-it,apertus-70b-instruct-2509,yes,gemma-4-31b-it,1.00,gemma-4-31b-it,0.95,gemma-4-31b-it,0.75
227,225,Platforms should verify political advertisements before publication because paid political reach can rapidly amplify manipulation and false claims.,"Platforms should avoid heavy pre-publication verification because it risks viewpoint discrimination, delays legitimate speech, and concentrates editorial power.",B,apertus-70b-instruct-2509,gemma-4-31b-it,no,apertus-70b-instruct-2509,1.00,gemma-4-31b-it,0.95,apertus-70b-instruct-2509,0.75
228,226,Platforms should verify political advertisements before publication because paid political reach can rapidly amplify manipulation and false claims.,"Platforms should avoid heavy pre-publication verification because it risks viewpoint discrimination, delays legitimate speech, and concentrates editorial power.",A,gemma-4-31b-it,apertus-70b-instruct-2509,no,gemma-4-31b-it,1.00,gemma-4-31b-it,0.95,gemma-4-31b-it,0.70
228,226,Platforms should verify political advertisements before publication because paid political reach can rapidly amplify manipulation and false claims.,"Platforms should avoid heavy pre-publication verification because it risks viewpoint discrimination, delays legitimate speech, and concentrates editorial power.",B,apertus-70b-instruct-2509,gemma-4-31b-it,yes,gemma-4-31b-it,1.00,gemma-4-31b-it,0.95,apertus-70b-instruct-2509,0.75
229,231,Platforms should verify political advertisements before publication because paid political reach can rapidly amplify manipulation and false claims.,"Platforms should avoid heavy pre-publication verification because it risks viewpoint discrimination, delays legitimate speech, and concentrates editorial power.",A,meta-llama-3.1-8b-instruct,qwen3-30b-a3b-instruct-2507,yes,qwen3-30b-a3b-instruct-2507,1.00,qwen3-30b-a3b-instruct-2507,0.95,meta-llama-3.1-8b-instruct,0.60
229,231,Platforms should verify political advertisements before publication because paid political reach can rapidly amplify manipulation and false claims.,"Platforms should avoid heavy pre-publication verification because it risks viewpoint discrimination, delays legitimate speech, and concentrates editorial power.",B,qwen3-30b-a3b-instruct-2507,meta-llama-3.1-8b-instruct,no,qwen3-30b-a3b-instruct-2507,1.00,meta-llama-3.1-8b-instruct,0.95,qwen3-30b-a3b-instruct-2507,0.75
230,232,Platforms should verify political advertisements before publication because paid political reach can rapidly amplify manipulation and false claims.,"Platforms should avoid heavy pre-publication verification because it risks viewpoint discrimination, delays legitimate speech, and concentrates editorial power.",A,meta-llama-3.1-8b-instruct,qwen3-30b-a3b-instruct-2507,no,qwen3-30b-a3b-instruct-2507,1.00,qwen3-30b-a3b-instruct-2507,0.95,qwen3-30b-a3b-instruct-2507,0.75
230,232,Platforms should verify political advertisements before publication because paid political reach can rapidly amplify manipulation and false claims.,"Platforms should avoid heavy pre-publication verification because it risks viewpoint discrimination, delays legitimate speech, and concentrates editorial power.",B,qwen3-30b-a3b-instruct-2507,meta-llama-3.1-8b-instruct,yes,qwen3-30b-a3b-instruct-2507,1.00,meta-llama-3.1-8b-instruct,0.95,qwen3-30b-a3b-instruct-2507,0.85
231,229,Platforms should verify political advertisements before publication because paid political reach can rapidly amplify manipulation and false claims.,"Platforms should avoid heavy pre-publication verification because it risks viewpoint discrimination, delays legitimate speech, and concentrates editorial power.",A,qwen3-30b-a3b-instruct-2507,meta-llama-3.1-8b-instruct,yes,qwen3-30b-a3b-instruct-2507,1.00,qwen3-30b-a3b-instruct-2507,0.95,qwen3-30b-a3b-instruct-2507,0.70
231,229,Platforms should verify political advertisements before publication because paid political reach can rapidly amplify manipulation and false claims.,"Platforms should avoid heavy pre-publication verification because it risks viewpoint discrimination, delays legitimate speech, and concentrates editorial power.",B,meta-llama-3.1-8b-instruct,qwen3-30b-a3b-instruct-2507,no,qwen3-30b-a3b-instruct-2507,1.00,qwen3-30b-a3b-instruct-2507,0.95,qwen3-30b-a3b-instruct-2507,0.80
232,230,Platforms should verify political advertisements before publication because paid political reach can rapidly amplify manipulation and false claims.,"Platforms should avoid heavy pre-publication verification because it risks viewpoint discrimination, delays legitimate speech, and concentrates editorial power.",A,qwen3-30b-a3b-instruct-2507,meta-llama-3.1-8b-instruct,no,qwen3-30b-a3b-instruct-2507,1.00,qwen3-30b-a3b-instruct-2507,0.95,qwen3-30b-a3b-instruct-2507,0.80
232,230,Platforms should verify political advertisements before publication because paid political reach can rapidly amplify manipulation and false claims.,"Platforms should avoid heavy pre-publication verification because it risks viewpoint discrimination, delays legitimate speech, and concentrates editorial power.",B,meta-llama-3.1-8b-instruct,qwen3-30b-a3b-instruct-2507,yes,qwen3-30b-a3b-instruct-2507,1.00,qwen3-30b-a3b-instruct-2507,0.95,qwen3-30b-a3b-instruct-2507,0.70
233,235,Platforms should verify political advertisements before publication because paid political reach can rapidly amplify manipulation and false claims.,"Platforms should avoid heavy pre-publication verification because it risks viewpoint discrimination, delays legitimate speech, and concentrates editorial power.",A,meta-llama-3.1-8b-instruct,gemma-4-31b-it,yes,gemma-4-31b-it,0.90,gemma-4-31b-it,0.95,gemma-4-31b-it,0.75
233,235,Platforms should verify political advertisements before publication because paid political reach can rapidly amplify manipulation and false claims.,"Platforms should avoid heavy pre-publication verification because it risks viewpoint discrimination, delays legitimate speech, and concentrates editorial power.",B,gemma-4-31b-it,meta-llama-3.1-8b-instruct,no,gemma-4-31b-it,1.00,meta-llama-3.1-8b-instruct,0.95,gemma-4-31b-it,0.75
234,236,Platforms should verify political advertisements before publication because paid political reach can rapidly amplify manipulation and false claims.,"Platforms should avoid heavy pre-publication verification because it risks viewpoint discrimination, delays legitimate speech, and concentrates editorial power.",A,meta-llama-3.1-8b-instruct,gemma-4-31b-it,no,gemma-4-31b-it,0.90,meta-llama-3.1-8b-instruct,0.95,gemma-4-31b-it,0.75
234,236,Platforms should verify political advertisements before publication because paid political reach can rapidly amplify manipulation and false claims.,"Platforms should avoid heavy pre-publication verification because it risks viewpoint discrimination, delays legitimate speech, and concentrates editorial power.",B,gemma-4-31b-it,meta-llama-3.1-8b-instruct,yes,gemma-4-31b-it,1.00,meta-llama-3.1-8b-instruct,0.95,gemma-4-31b-it,0.75
235,233,Platforms should verify political advertisements before publication because paid political reach can rapidly amplify manipulation and false claims.,"Platforms should avoid heavy pre-publication verification because it risks viewpoint discrimination, delays legitimate speech, and concentrates editorial power.",A,gemma-4-31b-it,meta-llama-3.1-8b-instruct,yes,gemma-4-31b-it,1.00,gemma-4-31b-it,0.95,gemma-4-31b-it,0.85
235,233,Platforms should verify political advertisements before publication because paid political reach can rapidly amplify manipulation and false claims.,"Platforms should avoid heavy pre-publication verification because it risks viewpoint discrimination, delays legitimate speech, and concentrates editorial power.",B,meta-llama-3.1-8b-instruct,gemma-4-31b-it,no,gemma-4-31b-it,1.00,meta-llama-3.1-8b-instruct,0.95,meta-llama-3.1-8b-instruct,0.75
236,234,Platforms should verify political advertisements before publication because paid political reach can rapidly amplify manipulation and false claims.,"Platforms should avoid heavy pre-publication verification because it risks viewpoint discrimination, delays legitimate speech, and concentrates editorial power.",A,gemma-4-31b-it,meta-llama-3.1-8b-instruct,no,gemma-4-31b-it,1.00,gemma-4-31b-it,0.95,gemma-4-31b-it,0.75
236,234,Platforms should verify political advertisements before publication because paid political reach can rapidly amplify manipulation and false claims.,"Platforms should avoid heavy pre-publication verification because it risks viewpoint discrimination, delays legitimate speech, and concentrates editorial power.",B,meta-llama-3.1-8b-instruct,gemma-4-31b-it,yes,gemma-4-31b-it,1.00,gemma-4-31b-it,0.95,meta-llama-3.1-8b-instruct,0.60
237,239,Platforms should verify political advertisements before publication because paid political reach can rapidly amplify manipulation and false claims.,"Platforms should avoid heavy pre-publication verification because it risks viewpoint discrimination, delays legitimate speech, and concentrates editorial power.",A,qwen3-30b-a3b-instruct-2507,gemma-4-31b-it,yes,qwen3-30b-a3b-instruct-2507,0.80,qwen3-30b-a3b-instruct-2507,0.95,qwen3-30b-a3b-instruct-2507,0.60
237,239,Platforms should verify political advertisements before publication because paid political reach can rapidly amplify manipulation and false claims.,"Platforms should avoid heavy pre-publication verification because it risks viewpoint discrimination, delays legitimate speech, and concentrates editorial power.",B,gemma-4-31b-it,qwen3-30b-a3b-instruct-2507,no,gemma-4-31b-it,1.00,qwen3-30b-a3b-instruct-2507,0.95,gemma-4-31b-it,0.75
238,240,Platforms should verify political advertisements before publication because paid political reach can rapidly amplify manipulation and false claims.,"Platforms should avoid heavy pre-publication verification because it risks viewpoint discrimination, delays legitimate speech, and concentrates editorial power.",A,qwen3-30b-a3b-instruct-2507,gemma-4-31b-it,no,gemma-4-31b-it,0.85,qwen3-30b-a3b-instruct-2507,0.95,qwen3-30b-a3b-instruct-2507,0.75
238,240,Platforms should verify political advertisements before publication because paid political reach can rapidly amplify manipulation and false claims.,"Platforms should avoid heavy pre-publication verification because it risks viewpoint discrimination, delays legitimate speech, and concentrates editorial power.",B,gemma-4-31b-it,qwen3-30b-a3b-instruct-2507,yes,gemma-4-31b-it,0.85,qwen3-30b-a3b-instruct-2507,0.95,gemma-4-31b-it,0.75
239,237,Platforms should verify political advertisements before publication because paid political reach can rapidly amplify manipulation and false claims.,"Platforms should avoid heavy pre-publication verification because it risks viewpoint discrimination, delays legitimate speech, and concentrates editorial power.",A,gemma-4-31b-it,qwen3-30b-a3b-instruct-2507,yes,gemma-4-31b-it,1.00,gemma-4-31b-it,0.95,gemma-4-31b-it,0.75
239,237,Platforms should verify political advertisements before publication because paid political reach can rapidly amplify manipulation and false claims.,"Platforms should avoid heavy pre-publication verification because it risks viewpoint discrimination, delays legitimate speech, and concentrates editorial power.",B,qwen3-30b-a3b-instruct-2507,gemma-4-31b-it,no,qwen3-30b-a3b-instruct-2507,1.00,gemma-4-31b-it,0.95,qwen3-30b-a3b-instruct-2507,0.75
240,238,Platforms should verify political advertisements before publication because paid political reach can rapidly amplify manipulation and false claims.,"Platforms should avoid heavy pre-publication verification because it risks viewpoint discrimination, delays legitimate speech, and concentrates editorial power.",A,gemma-4-31b-it,qwen3-30b-a3b-instruct-2507,no,gemma-4-31b-it,1.00,gemma-4-31b-it,0.95,gemma-4-31b-it,0.75
240,238,Platforms should verify political advertisements before publication because paid political reach can rapidly amplify manipulation and false claims.,"Platforms should avoid heavy pre-publication verification because it risks viewpoint discrimination, delays legitimate speech, and concentrates editorial power.",B,qwen3-30b-a3b-instruct-2507,gemma-4-31b-it,yes,qwen3-30b-a3b-instruct-2507,0.80,gemma-4-31b-it,0.95,qwen3-30b-a3b-instruct-2507,0.75
